user_id,time_to_first_click_sec,hover_time_sec,hover_count,mean_mouse_speed_px_s,slow_movement_ratio,reopen_count,sender_checked,time_to_report_sec,clicked_link,_profile_score_debug_only
user_00000,27.29106845214971,,6.0,262.9439523511701,,1.0,1.0,53.373751634911414,0,0.15245260326252916
user_00001,,4.810172971492427,2.0,408.7205378251426,0.3067149194240734,2.0,0.0,56.1263722001344,0,0.31251878534933103
user_00002,,2.6870549266008723,2.0,490.6962521325414,0.4147037417698262,1.0,1.0,47.92625601003352,0,0.4136409708240333
user_00003,45.589338097701706,1.372834804456081,2.0,,0.482875766648893,0.0,0.0,70.16207656938607,0,0.3243176452669043
user_00004,10.9707513243224,1.2835325017621118,1.0,1148.6840308541832,0.1592973734013108,0.0,0.0,,1,0.7548422050964076
user_00005,11.651631574057403,3.2083204579322038,1.0,394.34286712774167,0.4859020003664045,0.0,1.0,68.3440609376801,0,0.3745966444152324
user_00006,52.149622644768264,2.593775145192221,3.0,676.5735612036802,0.3836406592298788,0.0,1.0,,1,0.353972213596642
user_00007,4.770838101120682,1.0,1.0,319.61568310039064,0.29994523771569886,0.0,0.0,48.37902447983192,0,0.6022510316539141
user_00008,6.073978177582987,1.0,0.0,429.4313088078366,0.23462875757105126,1.0,0.0,117.95928454491217,0,0.7221701801836063
user_00009,14.996865184829236,,,279.0723953029281,,1.0,1.0,143.3417433824739,0,0.4714301793103667
user_00010,6.534070337768363,1.0,1.0,1167.26419006799,0.1367152037939334,0.0,0.0,141.22892676246366,0,0.7264147724892517
user_00011,9.568974967750108,1.0,2.0,749.9227110115379,0.1508868941814583,0.0,0.0,,1,0.8138992185851187
user_00012,19.287639697979866,1.6037336386987255,3.0,405.91251713481665,0.38249750142307676,1.0,1.0,,1,0.5320523045683939
user_00013,24.8313209569326,1.0037406629622356,0.0,883.8668563171386,0.4632778858670978,0.0,0.0,,1,0.6041657033348355
user_00014,42.319915066424414,,2.0,522.0472234786041,0.7129231949469236,1.0,0.0,28.529430206997564,0,0.16126804479592993
user_00015,,3.1277667116670576,2.0,294.0003967903131,,0.0,1.0,,1,0.28468586470028384
user_00016,34.00144907550842,6.395697855957767,,251.19761398991173,0.5880526631564335,1.0,1.0,18.86695936836151,0,0.2626311946976817
user_00017,12.566291514985803,1.0,3.0,250.33425070433208,0.5386373652481999,2.0,0.0,74.55867840144947,0,0.3528490187886838
user_00018,36.09993929388291,3.275938627155238,4.0,403.70130889059493,0.1703915589457921,1.0,0.0,310.79897119549673,0,0.558565599631128
user_00019,20.167197924996483,1.147697085464004,1.0,1007.447085209551,0.46912590016536826,1.0,,110.66063898763085,0,0.6085022449636817
user_00020,26.05883846503738,1.0,1.0,514.5358704522054,0.7289581733311267,0.0,0.0,78.79704351106766,0,0.18386479365050404
user_00021,21.89434832268199,1.0,1.0,241.4530117075752,0.6658252182013296,1.0,1.0,23.185161234548467,0,0.20369754514137123
user_00022,20.69975616115694,1.2332637548754952,0.0,497.18204468727566,,1.0,0.0,78.64962979492212,0,0.29643352097807646
user_00023,12.009123031339135,1.598720503936181,2.0,245.71647619875245,0.429409710496337,0.0,0.0,210.7465450960017,0,0.2407909095128666
user_00024,6.590087948379085,2.55207751024164,2.0,212.13575514855305,0.6813398405667788,1.0,1.0,,1,0.3745134262821368
user_00025,,1.0,1.0,,0.4601797690227753,0.0,1.0,40.21763682278077,0,0.4311915849431891
user_00026,33.47541204378619,5.275987251421935,0.0,472.1884379279225,0.46700816982325544,0.0,0.0,159.7162813972172,0,0.5212423353023553
user_00027,41.80075587912666,2.397978764989952,3.0,376.2447858883503,0.7405927258397063,0.0,,56.05672721103353,0,0.20199815388596437
user_00028,31.598907145934408,5.014779120597778,2.0,181.2168270376904,0.640536747669576,0.0,1.0,63.2287390177413,0,0.2722748147769217
user_00029,20.81317671276601,,1.0,189.19748470097412,0.28764636738073796,0.0,1.0,62.83978777929338,0,0.5377698790523568
user_00030,21.655690658871105,2.5708125099394024,2.0,560.0094393627835,0.4778343928688711,1.0,0.0,80.51490446054046,0,0.4784729377943097
user_00031,14.132271700893613,3.5140959312783093,2.0,424.1675465625028,0.49519721973878816,0.0,0.0,107.62911380438982,0,0.5738350710847968
user_00032,28.239107449045687,1.0,0.0,845.9499695435997,0.12083571178374862,0.0,0.0,,1,0.7160801584853266
user_00033,14.429949723207978,3.4303380789422158,1.0,283.74263938683833,0.4197987521236736,0.0,1.0,,1,0.34272320970688747
user_00034,12.243158051134953,2.0125973237686705,0.0,925.5792704378606,0.3354010556899595,0.0,0.0,124.72272701922675,0,0.757617752255643
user_00035,18.744314569681375,105.59771734080607,1.0,578.5657308264392,0.39167601551811887,1.0,1.0,61.01460499657154,0,0.46567292739913957
user_00036,18.91815705139365,3.3642682851374417,1.0,484.1026995538696,0.1917854166638636,0.0,,61.96374078793079,0,0.5002665576410269
user_00037,21.472884869996555,1.4668416734544496,4.0,,0.7686559752317991,0.0,0.0,32.28122259850545,0,0.18019890366819874
user_00038,32.79976527981831,,2.0,399.84858072570637,0.8368561819421724,2.0,1.0,,1,0.11903911857246702
user_00039,14.265702232099201,4.304640761442534,3.0,382.0876545068429,0.2019359266541871,1.0,1.0,,1,0.6287423568849433
user_00040,41.93129067548195,2.081556645837928,3.0,,0.644649589873274,1.0,0.0,132.49499805098014,0,0.2752216838869903
user_00041,18.314968915289576,2.5521744297306372,1.0,265.6191251559854,0.7690853560005435,0.0,1.0,,1,0.21258662282819524
user_00042,13.671789509480488,1.6756907694399545,5.0,413.8605449330322,0.5207296946830026,1.0,0.0,77.92635147709541,0,0.4866130418875125
user_00043,569.4501551655335,1.0,2.0,399.3234061192769,0.4253747488892982,0.0,0.0,,1,0.6021137040379481
user_00044,15.360125330374029,1.6987266151865075,2.0,232.77623184019671,0.6160800943814921,0.0,0.0,92.45391832421167,0,0.22054758317605577
user_00045,12.250548294660003,69.718795816262,2.0,395.0759916048537,0.27547628823298564,0.0,1.0,94.6122592709726,0,0.3622067195057182
user_00046,34.35671668565328,,2.0,409.9268136470895,0.45656622879225595,0.0,1.0,95.37725567609634,0,0.36346903443635104
user_00047,6.633340059870504,1.0,1.0,595.1272232742276,0.617768992437644,1.0,0.0,,1,0.5250024172453919
user_00048,24.969717330349166,1.7193012055999704,2.0,,0.07302537097596092,1.0,1.0,,1,0.7298873007945448
user_00049,19.221851614759153,,6.0,260.54474714359424,0.7449704135619385,3.0,1.0,17.918841278181528,0,0.13451374441647526
user_00050,23.77316635146782,,1.0,,0.16728794131125602,1.0,1.0,206.49105063464617,0,0.6295333555533423
user_00051,41.78247368474206,2.2085312628452773,2.0,1038.808206949714,0.3875512091783611,0.0,0.0,,1,0.34063519267945497
user_00052,25.70654543283268,59.388090395563,1.0,304.4609346258653,0.5452468516307338,0.0,1.0,57.61179132623985,0,0.3040930955236225
user_00053,30.478093221465087,3.593550001332861,0.0,223.33559796058748,0.5644348427885422,0.0,1.0,,1,0.3111411271696479
user_00054,,1.0,0.0,473.96759085268906,0.3093190720773767,0.0,1.0,,1,0.3441028868465509
user_00055,34.59491757948916,4.581082657216132,6.0,193.2652497323953,0.5013802751505542,1.0,,119.02015264037273,0,0.2456997901957094
user_00056,25.66451417697646,1.6792019927637687,1.0,11023.811408011794,0.8001090813164218,1.0,0.0,49.30896722740255,0,0.15160786503260504
user_00057,17.741906560290193,1.0,2.0,609.325340714695,0.3515999126209648,0.0,0.0,,1,0.6785149298875214
user_00058,30.894026371085566,1.3712977809705083,1.0,412.70457439497574,0.40255790696022936,0.0,1.0,73.68433144833115,0,0.3591228784966159
user_00059,27.64766551303363,,3.0,332.3491039074412,0.6406946433942362,1.0,1.0,30.77706580902636,0,0.20385390904240427
user_00060,13.315329683119536,1.0,0.0,378.29180464661863,0.24145930417577932,0.0,0.0,578.7041479238328,0,0.7392226242068652
user_00061,18.60583766794293,1.0,1.0,448.0006823688797,0.17036274073371863,0.0,0.0,,1,0.6583673722791836
user_00062,15.780815542505175,2.6452416872159756,3.0,629.4707482542298,0.39178430804011716,0.0,0.0,,1,0.6501733175272068
user_00063,,1.9346962530393674,,173.55469715455592,0.5362848603186365,0.0,1.0,25.515680024370365,0,0.31532307740937143
user_00064,31.75326380235579,3.986859382258114,1.0,317.2368734433623,0.6530389860647321,0.0,1.0,50.24590312646379,0,0.28999729571894806
user_00065,16.289390831661915,1.8475006146703825,1.0,254.36883380304337,0.4311870076135953,0.0,0.0,83.14737646573734,0,0.23140032053231682
user_00066,19.595225427913388,1.0370783548405533,4.0,424.50870384227824,0.5515726520247232,1.0,0.0,,1,0.4611160951011653
user_00067,31.254599613506933,2.0500403926426607,2.0,465.5838983968097,0.24820681054869917,0.0,0.0,,1,0.5203497806170845
user_00068,11.290015971410249,7.235464385376913,4.0,512.6754418245416,0.7506081663464853,0.0,1.0,53.4801295930193,0,0.17606262700617284
user_00069,17.095015074055915,1.6110765861885508,2.0,550.859078463569,0.3871481871704983,0.0,1.0,256.0197731141767,0,0.6573418691072119
user_00070,33.33368250555329,3.600889322464635,2.0,211.15090394023298,0.31874239689419,2.0,1.0,87.0760759752134,0,0.2697835574600611
user_00071,61.36670182773909,2.870737766568971,0.0,378.50193463584907,0.6156028097595136,0.0,1.0,49.8666655225445,0,0.4034694670854447
user_00072,34.29084457581364,7.604954933072317,1.0,244.146727788692,,0.0,1.0,,1,0.21290281322999913
user_00073,8.334237798802237,1.3774210941073561,1.0,589.1532661541188,0.4149743683053942,0.0,0.0,,1,0.6339609473339982
user_00074,26.29081532486413,1.0,3.0,359.9714106239656,0.6757568620358408,1.0,1.0,51.44477777129728,0,0.0679335377585413
user_00075,21.437533490912653,1.9366974890807829,2.0,391.51508001909343,0.5757365930659536,0.0,1.0,,1,0.2929039644807144
user_00076,6.854234457319241,,0.0,713.3597810080291,0.3159128522217356,0.0,0.0,57.16369141334306,0,0.8104082130401136
user_00077,34.51921840159505,2.0310828196558695,4.0,316.01462471669834,0.7281514252696165,0.0,1.0,,1,0.2474916927011947
user_00078,10.26293974618087,1.0,2.0,551.7424306677332,0.28772921612171254,0.0,0.0,39.92083100152627,0,0.624074263035526
user_00079,32.40379739256951,4.307938147059783,2.0,244.18519989973316,0.5292142155387174,,1.0,46.21049166378988,0,0.4279210612445242
user_00080,17.682917843127484,4.0526975245915065,0.0,456.11132161225925,0.4656307395046656,0.0,0.0,,1,0.47710887146524805
user_00081,18.72646502843866,1.0,0.0,432.71531080742915,0.46062262102045565,1.0,1.0,,1,0.46578799138847304
user_00082,12.355491079398474,5.419595231086318,0.0,1214.9468234863816,,1.0,0.0,134.0272776122363,0,0.5135804210721432
user_00083,30.4900082173136,7.122117334254898,3.0,352.2413615637791,0.8440078365953037,1.0,1.0,,1,0.12713849799515378
user_00084,23.23295022330514,1.0,1.0,329.7701433315479,0.2646248293782749,0.0,1.0,,1,0.6182205655156968
user_00085,717.0091676544015,2.52804758274697,2.0,403.24583528012556,0.3272130494226624,1.0,1.0,97.92501066423875,0,0.3501962040604701
user_00086,23.48914824039495,3.041170313602488,1.0,216.18682389753423,0.5819374511444423,0.0,1.0,,1,0.16201330295165048
user_00087,37.22773147815398,1.9808103013895189,2.0,235.81722204357743,0.24544441549095572,,0.0,,1,0.6378900765792074
user_00088,11.683783942013756,1.0,1.0,537.0984270182454,0.3865025199115799,0.0,0.0,306.9115956091948,0,0.6872033911754705
user_00089,17.11379729845791,1.729706802314166,4.0,312.7588032298931,0.5433067532662968,1.0,0.0,38.09711783440637,0,0.2389583244742792
user_00090,30.4667311478029,2.318917982426025,2.0,592.9416390703619,0.434243251146336,1.0,1.0,407.41423976233773,0,0.4485406822626557
user_00091,25.374267285392044,2.9277552331525385,5.0,201.24047287553537,0.792989164103046,0.0,0.0,50.15423111161078,0,0.21878916183310596
user_00092,16.21536648932047,1.1789936904460583,1.0,730.1019921058021,0.5069203693106749,0.0,1.0,,1,0.5281397118678616
user_00093,31.19644722029108,1.9436306999221518,4.0,,0.5346528930979075,0.0,1.0,147.35050373122172,0,0.24305870604025165
user_00094,8.77532440812543,1.3341363464358837,0.0,448.4142103523356,0.4519497063786462,0.0,1.0,,1,0.7040661927318614
user_00095,399.1315188300847,4.595894826521709,1.0,1107.675814772112,0.6034718836236936,0.0,,68.56935381025595,0,0.4522935008096252
user_00096,28.547258841435713,1.1836063639197216,4.0,251.91628096007068,0.7313955564454222,0.0,1.0,27.709591299812747,0,0.06728003743718135
user_00097,16.696523846076616,1.0886754255281623,2.0,510.8371530610037,0.6159195687446021,0.0,1.0,63.30553010945291,0,0.3592001693188797
user_00098,30.467968582791777,2.527016086390844,4.0,524.1807329713614,0.3935446420214736,0.0,1.0,,1,0.323706051638863
user_00099,27.67282939722125,5.0148516702117165,2.0,451.5089985360947,0.6392753475776235,2.0,0.0,,1,0.25017283524133166
user_00100,12.950557175668424,2.634373851622395,2.0,366.46388065090997,0.6902729943551008,1.0,1.0,28.511743966372002,0,0.2451925214435392
user_00101,12.900776233968898,1.9174606995267944,1.0,500.5357856639572,,1.0,0.0,250.93819965364295,0,0.555496534247536
user_00102,27.402292769795107,2.5528438480213858,5.0,,0.6729895347538771,0.0,1.0,37.94467101149895,0,0.21539083793094413
user_00103,15.08821365637594,3.965897632038792,1.0,736.9612585253875,0.29918988336503405,0.0,0.0,70.6940037965505,0,0.43973707147750474
user_00104,32.49335822356694,3.2950494979044977,0.0,501.4843833761766,0.8270350560939148,3.0,0.0,55.134949206123906,0,0.20182027141590136
user_00105,18.881738834155197,3.7636454806392114,3.0,522.2572799542462,0.4860929912952696,1.0,1.0,,1,0.3120711683439646
user_00106,15.68222812115279,2.6919858512208434,3.0,620.5191480438798,0.5518952636949241,1.0,0.0,76.90187571772474,0,0.48362961815241295
user_00107,36.525114675746956,3.232906950130725,2.0,852.1398359797821,0.32025346835162555,1.0,0.0,,1,0.6609258949610741
user_00108,36.80651583338961,1.24652494780296,1.0,140.46852895904692,0.5674333735990369,,1.0,46.0175368537301,0,0.06477577564449714
user_00109,11.196523102310824,1.046702168481581,4.0,778.7980862152931,0.5271220736356864,2.0,0.0,,1,0.5143269703212153
user_00110,22.83686540129723,3.4658011180314223,2.0,245.52633541778388,0.5014867022058099,0.0,1.0,,1,0.3369552280800342
user_00111,9.326308698588509,,1.0,652.0374005369066,0.24831379086608424,1.0,0.0,,1,0.7474412935683044
user_00112,26.01729755761283,2.9251363046229195,2.0,313.8456637571001,0.4776743464051476,0.0,0.0,,1,0.36068307965154295
user_00113,33.80013396106284,1.0,4.0,213.8383023559066,0.495310361654563,0.0,1.0,71.38250801223606,0,0.19825145876209485
user_00114,45.73854167247658,1.8247951204787292,1.0,600.1675247124045,0.5987083993330742,1.0,1.0,,1,0.14976060963183863
user_00115,20.396943185775665,1.9793246366239021,4.0,363.2963859034699,0.45676497685566203,1.0,1.0,29.921862242828002,0,0.37273483867628726
user_00116,60.46925470450806,5.52968173902422,2.0,272.5646756901606,,3.0,0.0,43.77782532319672,0,0.1803083470798535
user_00117,14.584057254144966,6.650184091534842,5.0,543.2076004843615,0.5077047459043162,0.0,0.0,,1,0.354403291154914
user_00118,24.061246710131417,18.21405580524407,1.0,271.4591939286533,0.37158797088731704,0.0,0.0,24.31262817872556,0,0.309829281466469
user_00119,14.96150560193334,1.0979075762717871,2.0,,0.844050767613028,1.0,0.0,,1,0.5804318526154659
user_00120,25.196994615749652,3.0218211145842573,1.0,239.18592935356884,0.6570929636984366,2.0,1.0,66.36758047151818,0,0.24510053263797255
user_00121,10.465229957663443,1.0,0.0,1288.1501415073433,,1.0,0.0,,1,0.9220988064186716
user_00122,18.484732412431395,1.542353739572578,4.0,,0.46082921824422185,1.0,1.0,49.793902593405804,0,0.5095937307688021
user_00123,17.168891542140923,2.3935395393167878,1.0,437.7271269201237,,,1.0,67.83394501191391,0,0.33514147347077833
user_00124,23.556983352980662,1.759384420494162,0.0,321.32086060876713,0.34030726615178847,0.0,0.0,113.40005279961056,0,0.6395026610230062
user_00125,14.849722056751938,3.7993244670060755,3.0,492.5860773541309,0.765655821535527,4.0,1.0,30.829236640418337,0,0.19626724560938597
user_00126,25.279323674581242,1.576188409618422,2.0,272.20168136144895,0.7424330130321363,1.0,1.0,193.86522362845923,0,0.1439052564330769
user_00127,18.197045734421774,1.8094062988345636,1.0,,0.4798633646254972,1.0,,197.61514321187485,0,0.45967284575530937
user_00128,4.177958363346301,1.6885881974718802,,690.400744821319,0.2585165623076658,0.0,0.0,,1,0.7270673293108063
user_00129,36.654617098969474,5.2707485521146324,4.0,408.62348462578854,0.335814158007756,0.0,1.0,,1,0.35479129538651
user_00130,13.088387450585298,5.1385618594700135,0.0,601.7424648456948,0.6830726831547937,1.0,0.0,194.6696158642503,0,0.5920517658483128
user_00131,43.73754953189561,5.411110568655457,2.0,385.05299013144923,0.5246014685673159,1.0,1.0,89.44118018744467,0,0.19639036866587095
user_00132,43.4931690612015,3.3178147793426964,3.0,217.11858836140283,0.3252672529906491,0.0,1.0,67.45473701305686,0,0.2568683127763231
user_00133,41.165921754938445,2.6763742617914406,0.0,535.4228126883778,0.33593772943101385,0.0,0.0,159.25486102900675,0,0.6281367439201294
user_00134,23.431160148666095,2.170735339286996,3.0,,0.7101853817851086,1.0,0.0,,1,0.1825299734396206
user_00135,33.60447271396325,2.7110810383597914,1.0,489.64079733545697,0.7891847077168571,0.0,1.0,35.01321921598286,0,0.06987019446610038
user_00136,,4.313375510196929,3.0,765.5738997170399,0.7513105878485078,0.0,0.0,,1,0.38457138876560537
user_00137,23.790080304848967,4.4962927857194055,0.0,354.08268364128435,0.6864799781927274,2.0,0.0,,1,0.4026507663541022
user_00138,24.511699151504914,1.8519611167368701,3.0,547.9064224421464,0.5750686271682037,0.0,0.0,113.36367993224846,0,0.4623648714617812
user_00139,13.309544796554311,1.6506222366889989,5.0,468.6265639099574,0.6356169629393927,2.0,1.0,25.189140957518415,0,0.3144783020693549
user_00140,54.627587250137736,2.3374763863658012,2.0,907.2572851745199,0.6730882063054059,0.0,1.0,46.12768904478676,0,0.21261919232892085
user_00141,16.922530195576144,1.0,3.0,374.83349709714463,0.43882586770054904,1.0,1.0,72.4175354409538,0,0.43599479473168806
user_00142,,1.1899401643867804,0.0,633.2236593352065,0.32466325142318514,1.0,0.0,119.70530967753136,0,0.5806655480330641
user_00143,21.803867268096162,55.53393493927087,2.0,289.98265879416283,0.7218451030885131,,1.0,14.336016656841437,0,0.1003697697452493
user_00144,30.50512521964469,1.0,1.0,970.3828526070167,0.3043673302869684,0.0,0.0,,1,0.6612356171961694
user_00145,47.88384226911118,2.2152256485480852,1.0,277.47048539299476,0.4360245662564948,0.0,1.0,40.58615217037292,0,0.37418786924011105
user_00146,43.5973734325519,6.478882706250042,1.0,276.10324570243756,0.4338764149527956,1.0,1.0,51.96264131533869,0,0.4189629580472287
user_00147,36.40814217256141,2.728722793273224,2.0,303.20952367815613,0.7167872177924216,1.0,1.0,39.67505177486347,0,0.36573734497905097
user_00148,31.406847519762383,6.038765433425258,0.0,828.8433289722911,,1.0,0.0,,1,0.4917366075068296
user_00149,22.846287423039573,8.787500692581384,4.0,177.51676640487142,0.6491756402556935,2.0,,252.2286363117034,0,0.20921534735081673
user_00150,15.729328387874622,8.642777101307566,3.0,596.6053653769604,0.4057662720270728,0.0,1.0,89.74997851164937,0,0.27208010320455317
user_00151,8.290537150321095,1.0,3.0,668.0470103064808,0.37525960601822467,0.0,1.0,,1,0.6773564434444306
user_00152,44.89141391302985,5.139870363090948,2.0,517.1685844173134,0.4152461334345801,0.0,1.0,,1,0.3730159083608653
user_00153,24.055852105001577,2.4511959206062857,0.0,948.292760532455,,1.0,0.0,48.38966937824456,0,0.5868292139804446
user_00154,9.963949411967366,1.5863337590652915,0.0,611.2786370184594,0.17757708752238696,0.0,1.0,,1,0.7471676498872866
user_00155,36.38708317603269,3.5758786785662924,2.0,463.6557508864486,0.5008423447183911,1.0,1.0,109.62599647833339,0,0.4079441035874902
user_00156,16.59502122329767,,2.0,761.0023244712057,0.6202299141676297,3.0,1.0,85.51443653042965,0,0.49083960489058004
user_00157,26.470674277947342,83.35948289852637,4.0,522.8884333554543,,1.0,0.0,153.5772684762301,0,0.2176554361145747
user_00158,9.064995701338608,,0.0,800.3495440149111,,0.0,0.0,230.02353164370646,0,0.9067479340459657
user_00159,12.093931928286397,1.0,0.0,733.3606715417989,0.555284008982989,1.0,0.0,,1,0.5244305083633225
user_00160,26.03136695060681,4.8514518716411,2.0,717.8885290692224,0.4412811714000485,0.0,0.0,17.730566288459944,0,0.49747313640435237
user_00161,26.413384634634685,2.336224407508789,1.0,823.5614733188206,0.7272425879595649,1.0,1.0,59.95693099873519,0,0.36491367923643053
user_00162,6.79085581866885,1.0,2.0,1458.502721116036,0.44442124022449825,0.0,0.0,,1,0.7794645947166248
user_00163,17.40812095597207,1.0,1.0,929.7039079570459,0.2585769338562846,0.0,0.0,,1,0.6309693170983415
user_00164,31.717653777644003,1.4518841775584816,3.0,350.77111587525144,0.4278459429747555,0.0,0.0,,1,0.456655171809217
user_00165,22.991970181437605,2.1521513651039896,1.0,499.70762991039777,0.8480432063953336,0.0,1.0,,1,0.30414158472526537
user_00166,8.616125055941966,1.062895139397663,2.0,178.92379271208412,0.7480471256691796,0.0,1.0,,1,0.32142227899395037
user_00167,14.088727925887452,1.0323442207785134,5.0,647.578517989341,0.530141657812644,2.0,1.0,39.50139145927378,0,0.30774030352998305
user_00168,15.64166066154021,2.1740699443983638,1.0,308.69197773819616,0.7380481445791753,3.0,0.0,96.54330585043574,0,0.07652566547683634
user_00169,29.934569104890898,2.692250051283336,4.0,734.2481762650376,0.3237193289219839,0.0,1.0,85.96751506159485,0,0.43751735444731343
user_00170,21.9008707246087,1.355313271073262,5.0,,0.38387305439795016,0.0,0.0,301.09239001182726,0,0.4822566418306044
user_00171,17.771981071004017,84.67706806733926,2.0,640.4351047526487,0.6212421695855752,1.0,1.0,81.66419190794765,0,0.267597947815158
user_00172,14.128061024477148,71.85776638019729,3.0,11591.447426682775,0.24566348268700428,0.0,1.0,128.52832988407405,0,0.6226734167872511
user_00173,72.19150718070003,8.316747217264227,4.0,424.256156876711,0.675139028850775,0.0,,17.57857630475924,0,0.06910004663888682
user_00174,15.274173126744117,2.496733936658959,2.0,323.4172870296693,0.2969745330673574,1.0,1.0,105.56415923678615,0,0.4765739825302123
user_00175,30.917103287513978,80.27253553413289,5.0,354.10821399172687,0.45147034453636176,1.0,0.0,,1,0.3957618960495945
user_00176,32.63039111542543,1.6013188274667058,2.0,325.307661964068,0.472871675544089,0.0,1.0,97.53835780939004,0,0.31967367972515387
user_00177,25.635724279375708,,2.0,448.50522555638787,0.3814700949806976,1.0,0.0,91.52221036034132,0,0.26948204717904595
user_00178,24.971829290315657,1.0679160353204094,1.0,617.7184936572303,0.19942496546488558,1.0,,66.08749958801606,0,0.43293894444230263
user_00179,22.403035896987237,8.809448722922188,2.0,346.82831369580515,0.6948977903762044,0.0,1.0,60.11510340236662,0,0.12415926117289336
user_00180,18.097824524052736,2.5187434670319497,0.0,408.95644192503823,0.5463662866311275,0.0,0.0,220.26534690161185,0,0.43926278251675704
user_00181,25.463288721908768,1.2776795055694508,,222.00884629231146,0.6125201616492372,0.0,1.0,31.92310797933415,0,0.22674894960396672
user_00182,16.683861762109583,1.3605273867268368,0.0,603.4480536335251,0.48761046353093235,0.0,0.0,186.373992147167,0,0.36245016121837736
user_00183,19.475935953074426,2.9156117638418624,3.0,322.82507703090675,0.8399893499906507,0.0,1.0,25.03484265798904,0,0.2324221522137369
user_00184,,1.8657406627612496,5.0,222.48554675973722,,1.0,0.0,62.26164815595034,0,0.16453637642860522
user_00185,21.51888657967937,1.2053748870819578,,216.92052855170132,0.7647337806558363,0.0,1.0,24.21912028315379,0,0.06292371558076075
user_00186,13.560312340106835,1.0,2.0,962.0055939526801,0.31333891882967574,0.0,0.0,100.60041907693513,0,0.6385958853506469
user_00187,8.878098935013275,2.084349104145695,0.0,264.10232343693406,0.640798381703443,3.0,1.0,313.1979301546289,0,0.4545201107528702
user_00188,12.260931429063131,1.0,7.0,528.6362339049767,0.30025359685769837,0.0,0.0,,1,0.34153407032490285
user_00189,34.88942624211252,1.0,2.0,534.5545024707974,0.5128963123539807,1.0,0.0,96.35466979356558,0,0.5344722707452496
user_00190,22.66177427759114,3.7118150786586175,1.0,720.1215351117094,0.5746945752182787,1.0,0.0,,1,0.4443234489901413
user_00191,18.37040000731013,1.0,3.0,462.10033582900155,0.228823220366241,,0.0,,1,0.6582452304553876
user_00192,35.77411083896988,3.8448731108968497,3.0,428.3727329655711,0.6338841695931978,0.0,1.0,30.66523750023193,0,0.21567532260854758
user_00193,27.505900348269055,4.465807503805499,4.0,315.0610565858402,0.39192187189986166,1.0,1.0,,1,0.15746799990429378
user_00194,25.021625198620075,2.0446323863133222,0.0,594.6106598924271,0.5185834988357437,0.0,0.0,,1,0.7714701208055709
user_00195,22.73825843945742,1.1643817890138153,4.0,675.7425762466835,0.42456595981469775,0.0,0.0,135.27790053320865,0,0.5322490504812534
user_00196,8.627170173097754,1.6648770013074317,,287.4924545413682,0.11905392781182976,2.0,1.0,,1,0.7852027854841795
user_00197,14.92451502133158,2.0606111188813654,1.0,,0.3163045581261693,0.0,1.0,,1,0.5010226870300726
user_00198,,2.2713560195774045,1.0,507.06910982031206,0.5299962285563462,1.0,1.0,164.12875716158683,0,0.20527620919806033
user_00199,19.015602167087916,1.8172213798135917,2.0,225.39469212304527,0.6117220178810242,1.0,1.0,79.28517284052953,0,0.2576508959583668
user_00200,25.477374924808355,1.0,4.0,419.83379047461455,0.4183356511754926,2.0,,143.92537644054818,0,0.42000399369176306
user_00201,10.487951894191058,3.0015106957738587,1.0,530.4646331673953,0.588593300171021,1.0,0.0,274.32099984078775,0,0.4671324218757601
user_00202,29.268655042062534,2.718327477312877,,552.8190055783581,0.39009292378110116,0.0,1.0,,1,0.34055022952544806
user_00203,,2.7303083526332936,1.0,729.396620587553,0.42939789493400227,0.0,0.0,,1,0.5797372588089172
user_00204,24.294255020117916,3.196652041401203,1.0,361.2032566344189,0.5392025154063228,1.0,1.0,,1,0.25220671344212287
user_00205,20.344110513010413,6.448717812794882,3.0,495.3835889542257,0.48305597810011924,1.0,1.0,59.64506600531781,0,0.26225778441641867
user_00206,27.9072015687405,1.694940411745834,2.0,389.5427769427007,0.4453170184475798,1.0,1.0,36.01369522148615,0,0.39416200483843944
user_00207,19.392560435171635,,2.0,480.04217765478285,0.566574350098467,0.0,0.0,,1,0.5059527244152849
user_00208,14.35037231649947,2.857429559600481,2.0,431.3901739732264,0.47948769058330654,3.0,1.0,99.91693841734201,0,0.38156848881618394
user_00209,13.383181683183535,1.6943542419308777,2.0,516.8645148908947,0.4199280002792984,1.0,,,1,0.3826135188888719
user_00210,10.226512760973074,1.8757467679721986,2.0,281.986049912151,0.21887032482739566,2.0,1.0,30.693287205589645,0,0.31254110042867833
user_00211,,1.33629298100621,1.0,483.1358927429133,0.5372304669726877,0.0,,198.09134192241072,0,0.13893926220181682
user_00212,20.857636139746308,1.6279468873599878,3.0,1006.8425330762495,0.17628163017026338,0.0,1.0,,1,0.6093121846802286
user_00213,9.084354380000219,1.4916352921566387,4.0,539.8271460525509,0.5689051458013696,0.0,1.0,,1,0.4271599557586934
user_00214,14.411399647886304,1.661282647423363,0.0,325.64881732026765,0.3954845077668327,,1.0,,1,0.5043275724377663
user_00215,17.637016248475838,5.3302292246581455,0.0,605.1732930695051,0.2788301770554805,0.0,0.0,55.32992818139415,0,0.6070983886537382
user_00216,10.528523571903387,1.0,1.0,757.1106928425573,0.39304158497726277,1.0,1.0,,1,0.4929860527889678
user_00217,24.771031854107623,2.5936381657722913,4.0,,0.8136021618122647,3.0,0.0,32.850377263814885,0,0.10347249388441586
user_00218,17.233725610809334,1.0,,1001.1478005031094,0.5293476802387233,0.0,1.0,75.6801548367231,0,0.24852118532359302
user_00219,55.758750674233426,,1.0,344.1515717620204,0.6697411937410678,1.0,1.0,58.313139168996365,0,0.08918499497824048
user_00220,26.31926582432441,1.568122033573428,2.0,10102.796094597279,0.17924941293298513,0.0,0.0,13.820218512115979,0,0.4415972071033472
user_00221,19.96848250298173,1.3921079811078978,1.0,674.4545321879461,0.29127495650368807,1.0,0.0,,1,0.6744561475447833
user_00222,13.143573235630772,1.0980176622206546,3.0,349.13647844059204,0.47890733972391697,0.0,0.0,156.22614626769547,0,0.33401256985624567
user_00223,19.82432106760786,5.324664324420806,3.0,421.1975293075319,0.4950104291921516,0.0,1.0,,1,0.5813765258845196
user_00224,9.868275083833751,3.296587519266518,1.0,489.75603217005056,0.3508916278104537,0.0,1.0,139.05455560963807,0,0.41921829701930297
user_00225,20.789627735725016,4.627655142814287,2.0,347.0379187283295,0.7181782413392986,3.0,1.0,21.074422829918714,0,0.15272835259855375
user_00226,5.940974517021565,1.0,2.0,712.7458865826968,0.20056877791311994,0.0,0.0,,1,0.8720191429253807
user_00227,23.506918304630556,2.04699796654421,,472.4685728056248,0.5581224893323682,0.0,1.0,,1,0.3003381384660131
user_00228,19.5790777094906,7.159100475559926,1.0,584.4513359700018,0.36326942045314004,3.0,0.0,89.79426683233848,0,0.39979615352361864
user_00229,6.835010998204328,1.0,3.0,828.4950991368885,0.3323910465916271,0.0,1.0,,1,0.7668223822993621
user_00230,30.79037090519526,2.4835286596721327,1.0,327.71809072561734,0.6209633168282556,1.0,1.0,,1,0.4220133935042272
user_00231,16.01607673643527,1.0638435537164614,0.0,399.0301381502636,,0.0,0.0,,1,0.8268506227235197
user_00232,14.166703315291702,1.6553880360539528,0.0,757.1933289336645,0.20839258534443436,0.0,0.0,,1,0.5495975615433293
user_00233,40.323225934936495,2.2563519090316677,2.0,345.878252393065,0.5790861990295518,1.0,1.0,,1,0.40786888289431256
user_00234,26.095133368797658,3.722211554757306,3.0,185.3103050894559,0.532293835429589,2.0,0.0,31.56109607953481,0,0.16943738012177778
user_00235,9.321545966965552,1.0,4.0,272.3626531567096,0.5431807509727035,1.0,1.0,65.35856434556862,0,0.2038542082981929
user_00236,,1.0,2.0,874.2279115658895,0.15479757561581914,1.0,1.0,,1,0.755502420576849
user_00237,25.289642093200058,1.7657745399058533,2.0,553.9377764641247,,0.0,0.0,189.61732679770208,0,0.5171370666791707
user_00238,,,2.0,241.8590750267044,0.5717281818400674,0.0,0.0,38.484963423048455,0,0.12049054529598086
user_00239,16.403781261555405,2.6665012304341906,3.0,192.08635782330668,0.6766411482035272,2.0,0.0,40.90973164299631,0,0.11626026897374052
user_00240,17.863409257145396,2.1542120662914757,3.0,381.43043098927996,0.2672066957902897,0.0,,,1,0.5352608068465566
user_00241,45.171970245852535,1.0,1.0,303.2150186079369,0.6694830316170826,0.0,0.0,80.79957273151112,0,0.4399361527306719
user_00242,48.63174652183206,1.6010589244601066,3.0,261.52802606093206,0.6078044785708098,1.0,1.0,,1,0.33495210940837844
user_00243,15.877119398529036,1.5769986497400783,0.0,351.2098920230406,0.49164835879098445,2.0,1.0,,1,0.4118291537595955
user_00244,46.274954991082915,1.753455971042042,5.0,229.11216222864047,0.7245684674124179,1.0,,16.883046700546206,0,0.026705604976518405
user_00245,17.056283511954664,1.3322368726018905,4.0,238.39767804097764,0.45222792855219673,0.0,1.0,143.3926074697638,0,0.2500836768387179
user_00246,,1.2471551496694513,0.0,803.8393466451902,0.2349890862418916,0.0,0.0,189.70913533962826,0,0.5742792614646975
user_00247,30.86777736381813,1.8048752214672201,3.0,204.23657086198503,0.7208095669195995,,1.0,23.238423835462036,0,0.17535646335141555
user_00248,20.66992066703991,,2.0,372.00155563450113,0.691420645794914,1.0,1.0,23.6511008150054,0,0.13509331320702275
user_00249,47.43398530616771,2.4771055863776064,6.0,491.232464593522,0.6937472162427135,,0.0,133.0665201371129,0,0.26830873213364786
user_00250,473.86418075441196,1.0,1.0,217.1741968132952,0.8331287204187874,1.0,0.0,70.74990655409832,0,0.3433283463663005
user_00251,16.75466484785538,2.214593036808357,1.0,789.7121664063446,0.28720479766248497,2.0,1.0,,1,0.3211716110686561
user_00252,32.70959028370645,4.18837000335139,,284.0929687359641,0.49376179934109105,0.0,,83.29723001972825,0,0.23187827240080244
user_00253,15.794256395921758,2.6804390225629984,2.0,472.1427357482101,0.46631568148891683,0.0,0.0,276.39840872190246,0,0.742369867498581
user_00254,7.899293758306886,1.0,1.0,347.79780257207887,0.5245132948362045,0.0,0.0,,1,0.6290808130687576
user_00255,30.992330019170943,2.247750764416582,1.0,521.4425788823039,0.28256186159524066,2.0,,67.80013259392454,0,0.40641399314694315
user_00256,35.87800332276153,1.6964252454005042,3.0,437.4248547076924,0.5624105263148244,1.0,1.0,,1,0.37126867066247926
user_00257,28.162897382161372,1.513534675322297,3.0,425.5283942861988,0.3907714914452871,0.0,1.0,52.98154171707502,0,0.37876905224061413
user_00258,18.438325064175867,,2.0,644.0744684936609,0.30163334754407567,1.0,0.0,87.71720100465977,0,0.5898297119000934
user_00259,12.499703152827598,2.1982682702551046,5.0,273.2577844692603,0.36963387549767057,1.0,1.0,22.543706218094258,0,0.28742044398639416
user_00260,30.55769838594684,1.0,1.0,263.83843857486954,0.35943634258339124,0.0,0.0,97.54506033160645,0,0.3793965684874459
user_00261,13.786994242446122,1.4739922081851575,1.0,393.9650813289686,0.6530644850582645,1.0,0.0,49.273315562601915,0,0.2130138358910593
user_00262,11.266806963689286,4.298867858669724,1.0,517.9776904828421,0.42373691085511306,1.0,1.0,,1,0.5146732287104259
user_00263,32.14356614553976,1.2287944844074388,4.0,176.69043919026407,0.8493253383742548,0.0,1.0,15.12001785046049,0,0.08136980311112471
user_00264,18.38651243148845,1.5787889733733929,1.0,726.2480550629175,0.565511412491812,0.0,1.0,90.52337333362432,0,0.12689222436575692
user_00265,21.798398201415875,1.468769399346247,4.0,833.8120393235625,0.5644004710174988,0.0,0.0,,1,0.6742174146875566
user_00266,20.377266917954703,2.644266801116672,3.0,321.03774474305055,0.6899056936111111,2.0,1.0,24.198713348692856,0,0.273068018758393
user_00267,34.991903591257675,1.0,1.0,755.10270182748,0.5145713512269938,1.0,0.0,,1,0.5945120202555091
user_00268,30.15942619663375,2.36720561758577,3.0,716.5678471009877,0.47915823743838304,0.0,1.0,61.24267337801138,0,0.4809518523730187
user_00269,7.424484915471367,1.389452500213169,0.0,994.4666994207122,0.5510394752347557,0.0,0.0,,1,0.5017974252362025
user_00270,20.09860250882729,10.630210978250034,4.0,302.2060390079786,0.5386235920393954,0.0,0.0,74.90176800108155,0,0.14656888710777735
user_00271,3.8288492677276857,1.235637761597009,0.0,783.1885971855462,0.40277377314758533,0.0,0.0,149.16028723529675,0,0.7080121856938953
user_00272,5.9688688852453256,2.8561469430048287,3.0,387.3259644014906,0.4330466359378577,1.0,0.0,68.29439033374057,0,0.5275743983332426
user_00273,62.17956333521548,8.289576758431043,5.0,202.33502338632698,0.9099278183372093,1.0,1.0,31.021727703843982,0,0.1427007786935502
user_00274,28.641893905524714,1.5804942719069246,2.0,,0.6203219073893351,0.0,1.0,89.78799733637436,0,0.32469524172483644
user_00275,20.56528735984302,1.1671339209196214,2.0,553.7463548873565,0.33690926690301837,1.0,1.0,,1,0.3065998475232196
user_00276,31.850505838051884,2.0693558946370865,1.0,575.681142036451,0.48446942965772,0.0,0.0,,1,0.521987098231344
user_00277,12.966099045108448,1.1877163683406167,1.0,690.3425968873415,0.23074405863828515,0.0,1.0,,1,0.7841802214649908
user_00278,12.86376080107336,4.71278459765983,0.0,260.64190795540225,0.7433190538850929,,0.0,60.16111840841918,0,0.34903339699259917
user_00279,31.027553981628976,2.083656524767577,2.0,468.17547640509486,0.41530944229317773,0.0,0.0,35.99306893475557,0,0.38390640179670416
user_00280,20.533851696034596,1.0,4.0,425.85765273828355,0.5898887466327237,0.0,1.0,94.98359189091079,0,0.5176060359410052
user_00281,34.70344981700441,,2.0,281.9308025143444,,4.0,1.0,26.759219859279874,0,0.13308455560754306
user_00282,35.91422167948291,4.718454644200375,3.0,235.42123353150913,0.8130657761991837,0.0,,,1,0.20394194312190883
user_00283,60.695469924941875,,4.0,417.66592863414184,0.8298173079534829,0.0,0.0,,1,0.16223942590984397
user_00284,49.02951464091132,,2.0,194.49116659177471,0.7442567718408644,0.0,0.0,47.16176494729033,0,0.1483339591626325
user_00285,39.45547972224962,3.4864870509517445,1.0,551.9081117868785,0.47560112903024704,1.0,1.0,65.0623530008103,0,0.23001398323845804
user_00286,11.022138111101341,1.0,,378.85162117222745,0.3826367151985373,0.0,1.0,,1,0.43584272350144154
user_00287,33.099742285137616,1.8800052789149686,3.0,473.9622030835754,0.618942593915391,2.0,1.0,47.9776219332346,0,0.03164105001640425
user_00288,23.895967249392903,1.1391411448310693,,733.9539928745253,0.6384837816212883,0.0,1.0,125.89890171177186,0,0.32980033839514145
user_00289,20.579140738836625,1.0,3.0,717.9948501432486,,0.0,0.0,,1,0.6019322290055767
user_00290,24.501662346763997,3.889338979029187,1.0,657.346528142608,0.2693891518620441,0.0,1.0,72.02119057230829,0,0.4797324166936644
user_00291,,,0.0,479.57589427369675,0.3982258255025051,1.0,0.0,,1,0.7387046422765869
user_00292,28.502900235447733,3.608399051066399,1.0,351.77422153849767,0.34291675570972713,0.0,1.0,,1,0.5070967241168856
user_00293,,1.747841172661667,2.0,482.58076029676766,0.7064429483528141,1.0,0.0,129.1250281211856,0,0.24782387669051356
user_00294,15.801056635542386,1.1418486959380296,2.0,698.063285654992,0.5125146174785742,0.0,0.0,531.7524608401687,0,0.44979504174387364
user_00295,14.798618692130287,1.8281906686326708,3.0,605.3177903904495,0.6011346621966729,0.0,1.0,,1,0.550721351124905
user_00296,3.1307180896782048,2.117910476370145,1.0,576.9332224094546,0.5043308726923974,0.0,1.0,293.67540588958536,0,0.5035167174605499
user_00297,112.91703233270849,83.19244000853048,1.0,143.14909528390527,0.3327416356969444,0.0,1.0,36.13060847952014,0,0.1544075533402256
user_00298,13.042192227006971,1.995845643866329,1.0,475.5976456587335,0.5860722226028973,1.0,0.0,,1,0.30758745472927285
user_00299,58.66561821030437,1.1366911638271207,5.0,198.5946666382017,0.6877466655162088,4.0,0.0,78.06160660722936,0,0.19652212586629297
user_00300,29.429797286316433,4.2047645160642295,2.0,619.2459778822255,0.74544087610867,2.0,0.0,62.201174611617404,0,0.18900120147829624
user_00301,62.6985780686,2.6328970685948074,2.0,392.4388178460354,0.5636224458970529,0.0,0.0,,1,0.26029887054798734
user_00302,79.95257662879742,3.3405469950490594,3.0,351.1691369528999,0.5118703571129217,1.0,1.0,75.99073416215634,0,0.2540221993877722
user_00303,52.27574311077561,75.93467331561423,3.0,427.7651527962967,0.7975656723560599,1.0,0.0,86.67381229069612,0,0.22326500859196158
user_00304,8.559392420195573,2.717992197078731,3.0,698.4971271411898,0.28788738001210173,0.0,0.0,,1,0.6481551866122837
user_00305,9.396532013041604,1.1366098332949537,2.0,674.5477746597428,0.30979083608768765,0.0,0.0,,1,0.5933004101819913
user_00306,52.526844652897225,1.857946568191952,3.0,883.303487133409,0.3893236872531222,0.0,1.0,30.010111325113943,0,0.3335785487041726
user_00307,29.462440117839606,1.0,3.0,399.60906527320583,0.6711526179570915,1.0,0.0,71.87405860184866,0,0.2692729403412485
user_00308,6.075596002726218,2.2336151712807166,,399.94169211243127,,0.0,0.0,,1,0.6779033980792818
user_00309,48.49731762371461,,4.0,280.948221769328,0.5639860072925128,1.0,1.0,,1,0.18630105777872255
user_00310,15.570046629492344,,0.0,379.29405902514173,0.5247130475969373,1.0,0.0,,1,0.4905301508004484
user_00311,,3.7508638414033486,1.0,230.1565578818666,,1.0,1.0,,1,0.16746579134150283
user_00312,17.45707394751859,,1.0,,0.3792829291917419,1.0,1.0,111.59982067397513,0,0.6113024052487569
user_00313,18.05214198275953,2.1644907929290897,0.0,520.496765103314,0.1246256171146393,1.0,1.0,107.6936327367795,0,0.7070042989368917
user_00314,17.167342063731454,7.354201169834213,0.0,296.8829084943733,0.4977128819964467,2.0,0.0,30.423799689458765,0,0.4027681653468016
user_00315,13.66030381432718,2.254905869476625,2.0,,0.5278372242956545,1.0,0.0,142.13784236274057,0,0.34625179893821617
user_00316,16.19407546802996,3.4189272755781825,3.0,158.8142439494203,0.7629493251848602,1.0,0.0,58.251378129163854,0,0.20240153661965454
user_00317,21.29859574982602,1.7970487592319908,5.0,337.13227247928825,0.5407936490903954,0.0,0.0,96.36063728198576,0,0.23619772451928728
user_00318,23.24437501859195,1.0,2.0,430.3378114561854,0.4491002336611937,1.0,1.0,63.49297223896083,0,0.3692645116862034
user_00319,28.046855691097967,3.5541051602445672,4.0,238.6936252403818,0.5324919011509306,1.0,0.0,154.0443121944759,0,0.2738195342057971
user_00320,16.58649669985084,1.0,1.0,382.7861024867598,0.3858362567739189,1.0,0.0,359.05154884632515,0,0.7054526638764873
user_00321,14.609795226375958,2.033529212514432,,575.4538673845741,0.12314987281677495,0.0,,102.94212006898132,0,0.7449187977620142
user_00322,16.38418769190492,1.0,1.0,377.8012727406548,0.10978991536920056,2.0,1.0,,1,0.6922760750662682
user_00323,22.419342383010708,1.5422233149741091,1.0,394.7732937129333,0.5361933239773689,1.0,1.0,49.94961541437755,0,0.3880684852069515
user_00324,39.692994691980864,1.098537785486378,4.0,216.734264557804,,1.0,0.0,19.45898587654924,0,0.305931336127467
user_00325,13.241980443979996,1.0,4.0,334.55265896045523,0.6149266038902496,0.0,1.0,160.95232330415155,0,0.2930046120871726
user_00326,9.960416562504474,1.5315803251176396,0.0,1164.364299529427,0.610173331378415,0.0,,81.48940343705917,0,0.4203191040833953
user_00327,8.794724071685883,1.3809563366870206,1.0,728.7059745037244,0.3790235530022136,1.0,0.0,58.132807794172294,0,0.5743973692531701
user_00328,12.20204320590206,2.8045288936370802,2.0,364.84983130827624,0.47965714475384813,0.0,,38.01762459377055,0,0.30210013421961424
user_00329,16.20906810328855,1.8609843611668189,1.0,612.128611268729,0.505445385346912,0.0,1.0,128.0566695792785,0,0.4156171901464125
user_00330,60.019850168187126,6.177894220112714,2.0,324.317230522374,0.6602370843288189,0.0,1.0,40.96718192596695,0,0.3513700336655995
user_00331,40.34164583954877,1.0,0.0,919.553798795873,0.45938019042204875,0.0,1.0,173.3192743148816,0,0.5281466240728921
user_00332,25.653892563476706,3.4035962054930713,2.0,364.61746885947446,0.7120718591143956,1.0,1.0,,1,0.2518028474058884
user_00333,15.185542068746503,2.447182718905695,2.0,,0.5344459556499169,0.0,0.0,,1,0.5752898910616548
user_00334,9.372177981176785,2.075348279477011,2.0,240.54625079532298,0.5344913129259738,1.0,0.0,20.89092793030408,0,0.27547731366441647
user_00335,69.4736420612375,1.146937915420406,3.0,1150.671273220239,0.3555929586444381,0.0,0.0,122.31895786707197,0,0.3539027493464201
user_00336,54.20146847373453,2.0150137693761874,1.0,348.02993711721865,0.6602418501285369,1.0,,129.56514560618055,0,0.36793431167052065
user_00337,,1.276064622773067,3.0,583.542964888087,0.6827847709239323,0.0,1.0,,1,0.3661642767819481
user_00338,19.633056767298516,,1.0,272.61414779247366,,2.0,1.0,69.49524921988399,0,0.16019755580310102
user_00339,45.186345786306546,2.756379284501126,3.0,584.9542680516485,0.6416862162951169,0.0,0.0,33.61188132377466,0,0.24134264199117306
user_00340,9.809882350960926,2.0467379481690333,1.0,482.2877992907637,0.47648471799827646,1.0,1.0,53.04696067630095,0,0.4183061343502052
user_00341,34.085784298551346,,1.0,406.9444501533232,,,0.0,31.68337735653416,0,0.5431546333524953
user_00342,25.988240729997745,1.0370305664297013,0.0,415.0299065752924,0.49216762179810214,0.0,,,1,0.4059419500921395
user_00343,,3.4596737411853,2.0,402.4957917845093,0.0654049387160369,0.0,0.0,115.24769224729758,0,0.7604139739546947
user_00344,52.14350366048608,2.1000490039934805,4.0,602.8505748752381,0.34237051851632305,0.0,0.0,,1,0.30334695371562875
user_00345,88.16923913482687,1.6269026393687542,4.0,217.79654140503285,0.6150628617234692,1.0,1.0,25.083475542023418,0,0.12184690671063057
user_00346,9.602550308381273,2.6129263221460803,2.0,625.1075340654442,0.5134639726358727,0.0,0.0,,1,0.7158238626906633
user_00347,13.551726284328707,1.710309557160555,1.0,1302.839453363521,0.6575871167546564,0.0,1.0,,1,0.53877112727958
user_00348,23.21107999727435,1.2570477428592672,5.0,842.4853123728753,,0.0,0.0,,1,0.6494703299045077
user_00349,,1.8350409761781215,3.0,586.2219672997668,0.4881156866379048,1.0,0.0,196.74837552509993,0,0.459308909857156
user_00350,16.17562452088917,1.0,0.0,465.24821001977585,0.23638199722920925,0.0,0.0,,1,0.8120855111261815
user_00351,9.213942037815379,2.0912845085794074,0.0,349.95630487151453,0.36084859121947516,1.0,0.0,,1,0.45602732374544597
user_00352,19.77753419554428,1.0,,493.58309347987154,0.23625153242656996,0.0,0.0,,1,0.5001096965618622
user_00353,21.94237372690813,4.844435651236906,0.0,394.9090021550694,0.36598007265890026,0.0,1.0,49.68644362103571,0,0.40153777846713345
user_00354,10.630352856416648,1.0,,515.4321961909948,0.3861295974908099,0.0,1.0,198.92897216440193,0,0.6997402860322599
user_00355,23.555345186774282,1.7172155561692857,,,0.6516977548492012,0.0,1.0,,1,0.33984611340128507
user_00356,9.811599730278404,1.0,0.0,236.6261288322123,0.7333275924598268,2.0,1.0,51.420236653633104,0,0.2810460353134547
user_00357,16.720381244587685,1.1867518151299934,,463.42378411612566,0.5634791510866056,0.0,1.0,,1,0.2849396031774225
user_00358,38.2640743045629,3.0974793301133343,2.0,837.0836900614574,0.5342462064181455,0.0,1.0,24.033435287788294,0,0.288601069866957
user_00359,28.395195634411966,4.199849207176545,1.0,605.9608788378214,0.15088756596744154,2.0,1.0,145.707302732284,0,0.4208048644590719
user_00360,39.24722507451187,2.550740228131651,2.0,423.58500169161874,0.4873578549139949,2.0,1.0,79.20338308463631,0,0.30122773443245326
user_00361,6.223083158622249,1.4626496382587744,1.0,789.9933266012591,0.11905308138587009,0.0,1.0,,1,0.8003037828408999
user_00362,34.67269838046522,1.0,2.0,368.3320084484251,0.5499312208206851,1.0,0.0,,1,0.44271233185965236
user_00363,75.06048286981881,1.1808498027823897,3.0,572.4551811417178,0.5532268490464136,2.0,0.0,37.15502648396329,0,0.30868358839862026
user_00364,30.142495382629875,1.6593263087545957,2.0,584.262804914488,0.4662013800466836,1.0,0.0,,1,0.4944785398157734
user_00365,36.88671799166181,5.22210459890389,3.0,219.9362174504011,0.48045735935762035,0.0,1.0,49.38668261693863,0,0.25749326593987093
user_00366,36.63144701620739,1.5777026121644206,1.0,478.78582878480273,0.6407381965402089,2.0,0.0,110.17680883284612,0,0.2681870575522308
user_00367,25.51029903055547,1.572783584575531,3.0,617.8998142456778,0.7593919545733421,0.0,,,1,0.2494333041499605
user_00368,26.26581117073545,2.5636888584457784,3.0,514.0663147267228,0.7055739794032018,1.0,0.0,109.04447470502251,0,0.266416664881236
user_00369,37.742818056352334,2.192016063979159,3.0,489.6770596952426,0.60636242022804,1.0,0.0,46.929847399990635,0,0.3063194656797584
user_00370,30.79284288613204,5.442512416975313,3.0,563.241561118634,0.5701259484717345,1.0,0.0,72.08721543199805,0,0.28561945075737344
user_00371,5.6440828759882935,1.434873886562092,1.0,844.563574295821,0.0439033478092291,0.0,0.0,,1,0.874683898493237
user_00372,57.36661318854994,2.587132684628898,,420.28043851210504,0.6617014628832201,0.0,0.0,84.21840517879255,0,0.363822352234892
user_00373,52.353782790024596,1.523850007762993,1.0,413.5162008471113,0.42730610828596166,1.0,1.0,69.93639518743262,0,0.34200328884504294
user_00374,8.658229209772772,1.4381649836287218,2.0,439.70252342096836,0.47579697328559983,1.0,1.0,81.00511032556996,0,0.32799286746151873
user_00375,,2.5377852344962415,2.0,575.665220796912,0.8038756970953345,1.0,1.0,87.86594240042139,0,0.2280185737134104
user_00376,28.986916118695877,1.8428530210770342,1.0,,0.4054273987713648,0.0,1.0,,1,0.6407535440095401
user_00377,10.765544854179671,1.6695315028204734,0.0,1105.6160034378543,0.2725884497229231,1.0,1.0,164.3611593359116,0,0.6943534449911126
user_00378,19.01435168262808,1.456786250420107,2.0,545.6595421272407,0.5633536346218331,1.0,1.0,172.33770251689012,0,0.2108116465025526
user_00379,120.0,2.5082715656054653,2.0,335.4961197650555,0.42877920889342264,3.0,0.0,33.719320366036825,0,0.3474456547185388
user_00380,14.078532202443924,1.6437105735897781,2.0,817.845881247837,0.3856020085362948,1.0,1.0,,1,0.2897103907378095
user_00381,,2.070850209422875,3.0,366.63336998751265,0.7368400461008776,0.0,1.0,43.16744943259637,0,0.13135795897606678
user_00382,16.292190117867513,1.7387555461490514,,1069.0672529137912,0.43546938961468057,1.0,1.0,,1,0.5086285474165271
user_00383,27.472297730978795,1.0,1.0,296.8872719342406,0.8651246606847856,0.0,1.0,17.190698656120446,0,0.0600286066543963
user_00384,42.8731240254467,6.34635578993209,5.0,,0.3670251691263789,2.0,0.0,84.07476829546968,0,0.08616195973053146
user_00385,20.760318838351182,7.132609017018415,0.0,357.68299727090135,0.610996841838028,2.0,0.0,,1,0.3318751176710415
user_00386,26.999017293193567,1.9327668518566803,3.0,784.290379690921,0.4649211824009183,0.0,0.0,131.10220417486798,0,0.5183887238968748
user_00387,29.56743235532269,1.2987065961240833,3.0,675.5922162889598,0.45958664159987406,0.0,0.0,,1,0.43611175482175807
user_00388,26.837494834911563,2.118799303530664,3.0,511.73179479022764,0.37770984003192454,1.0,0.0,49.876865432087946,0,0.5253755261413795
user_00389,65.42929104944176,1.4168679877422832,2.0,303.1900850070041,0.6193902907033187,1.0,1.0,62.47273055674265,0,0.15148956236842684
user_00390,8.942671147101652,1.0029446386756689,2.0,758.578202195095,0.38486339160719646,0.0,0.0,,1,0.6617735772326921
user_00391,371.5276899531451,1.0,1.0,474.6988933646953,0.38184312029036477,2.0,1.0,,1,0.6031763084022941
user_00392,12.380893899181013,3.287935349339062,3.0,7578.5605296544845,0.7444363392705565,3.0,1.0,67.80797374861922,0,0.15633858906886403
user_00393,7.06143198519055,1.0827293408931356,1.0,1393.061968438593,0.3185285847758987,0.0,0.0,,1,0.8247441317808096
user_00394,25.366435808569914,1.7105555823505798,4.0,318.95591594378374,0.3081414634507267,0.0,0.0,,1,0.609212668350319
user_00395,24.91331826781273,2.1307720743055896,,351.1123727095521,0.30952447896927504,0.0,1.0,79.26576102064908,0,0.553118655296487
user_00396,11.323720721794333,1.7047596402393927,2.0,437.0597991831162,0.405888807754145,0.0,1.0,,1,0.527095362730638
user_00397,11.809761955209625,2.8383265104593605,4.0,619.4277254045068,0.36797217255229286,1.0,1.0,,1,0.4835229244091548
user_00398,,1.0,2.0,433.6905048927367,0.280443605108654,1.0,1.0,61.32957349603998,0,0.4819737540274082
user_00399,22.545321825372664,3.980566633378472,1.0,512.9138098945214,0.41735768345769464,0.0,1.0,,1,0.49536751299313503
user_00400,31.898798448604005,1.2515404602380125,1.0,467.76627960384354,0.20245105328639895,0.0,0.0,,1,0.5942935607030813
user_00401,51.36750361292428,2.7284767245652524,5.0,187.61587005221466,0.514504779760609,1.0,0.0,38.00571546664588,0,0.09578708166203524
user_00402,29.31764280546898,5.207277444544626,2.0,312.8911299051385,0.5061762600076163,0.0,0.0,30.521479439468592,0,0.15364842354186634
user_00403,42.001368532646474,2.488833733534536,,275.5922845984646,0.7404505080676146,2.0,0.0,28.715586536507203,0,0.0934569064347933
user_00404,15.437066573573118,1.2355180835898594,3.0,244.13011893981786,0.3550869264074509,0.0,1.0,,1,0.5671245170183862
user_00405,19.998388268165236,1.0,,332.2195709203379,0.3596991425548186,1.0,1.0,208.7766217759458,0,0.5476645822058536
user_00406,,2.087033391850516,1.0,759.2590992641034,0.7721257065088757,0.0,0.0,209.01821109994938,0,0.31626375182403704
user_00407,23.842072761601063,4.212622633449538,0.0,339.22611007118985,0.5646773795631937,0.0,0.0,131.34058960837476,0,0.49722793637414914
user_00408,40.58441274598588,1.2844046526721908,1.0,577.2854539820668,0.1865288722741178,0.0,1.0,39.822090024645355,0,0.728392649816776
user_00409,23.562251816347427,1.2652800546819791,0.0,609.3125897511685,0.5449786509820539,0.0,1.0,38.30346331930397,0,0.5395302188751689
user_00410,15.991207382798398,2.1409102192237084,0.0,798.9218530948314,0.22151779530974738,0.0,0.0,407.2328661421686,0,0.7319346006226156
user_00411,12.418068633404717,3.090008287116139,0.0,1226.5854722118265,0.3090446387898498,1.0,1.0,,1,0.5691830134927517
user_00412,17.51024372879682,1.0,2.0,421.4333663280609,0.4097302525563682,2.0,1.0,,1,0.517012986972658
user_00413,10.899324050851456,1.4335286512991212,0.0,502.45038069153577,0.4981946029157262,1.0,1.0,64.43098413373617,0,0.5319961538475358
user_00414,41.52181733878339,1.9562487383322544,1.0,256.68767017280953,0.47194552035469794,1.0,1.0,30.89055966540545,0,0.34962445271425624
user_00415,,1.0,0.0,,0.46006417515583986,0.0,1.0,,1,0.7242405105044866
user_00416,115.73990747726711,5.399298765562851,3.0,204.28070384011357,0.7785758269489383,1.0,1.0,55.536516847511386,0,0.14280668069859734
user_00417,,1.556128220085982,,310.5493962955714,,2.0,1.0,397.47218769142603,0,0.5588999351283823
user_00418,38.81231973104567,4.01292246150208,6.0,167.23882949389275,0.6959965585281073,1.0,1.0,69.31985504845076,0,0.07467884075750011
user_00419,60.21072957898165,3.477419354340421,2.0,146.6419821506173,0.6761587252513055,1.0,1.0,,1,0.3061313061355079
user_00420,42.706048712195916,1.365104250292559,4.0,212.2472862409295,,1.0,1.0,30.26103560954748,0,0.10369759210259179
user_00421,28.17115088653143,2.1868088002975656,1.0,7647.567798504612,0.44579133036266894,0.0,0.0,242.79053747426275,0,0.4815021192077489
user_00422,34.89642624254224,3.589830859698862,1.0,701.9633808986196,0.461644499510499,0.0,1.0,88.2607254899204,0,0.48366100324558947
user_00423,11.474654952155301,1.0,3.0,574.9378991252877,0.29617929973633333,0.0,0.0,273.0424893250178,0,0.7435992115802111
user_00424,12.91178938410269,2.8290831236847827,1.0,462.9641550453662,0.7089259642678084,0.0,0.0,,1,0.41535916834230974
user_00425,11.826575134912932,108.77487335972883,1.0,545.0218378949419,0.48540584434733736,,1.0,137.56808516730055,0,0.4571686682200571
user_00426,41.260723125931754,1.0,0.0,480.76415795619863,0.2964796758762287,2.0,0.0,,1,0.48816972865691566
user_00427,59.32063457918297,3.070567318111625,2.0,378.28187212425,0.5185237196437347,0.0,0.0,84.6399773369333,0,0.29000140845233824
user_00428,39.48746122320682,1.0,0.0,443.31267086726683,0.6718824947282253,1.0,1.0,,1,0.3044326216673883
user_00429,35.529422913942405,1.0,4.0,660.4913185013066,0.3255978490307819,1.0,1.0,177.27353315749505,0,0.5188779725002537
user_00430,48.016229803670186,1.0,2.0,938.2971661259504,0.42441684842494976,0.0,1.0,49.26925148095157,0,0.5486112069382503
user_00431,9.615626724042777,7.019687002723408,1.0,191.07728517844737,0.3572483092829453,0.0,0.0,34.09711195926614,0,0.36609122028274416
user_00432,15.271032956592506,1.6265228067809656,0.0,451.0570739737523,0.32307397764254153,0.0,0.0,,1,0.6436008226067952
user_00433,17.372046638665648,2.5703092421517977,3.0,352.9202557612317,0.6700923726449186,,1.0,22.497301663150893,0,0.17463597500692668
user_00434,696.8008439699648,91.79261730762651,3.0,844.0462216895149,0.445238376672084,0.0,1.0,,1,0.5379032071295216
user_00435,28.33189826982606,3.4284553290701205,2.0,200.72868095796784,0.5840829068537601,1.0,1.0,56.40102378423225,0,0.07082618600871798
user_00436,,1.9719837098753108,1.0,660.7159863608232,0.5630646648411395,2.0,0.0,58.87614980590644,0,0.3369749447177898
user_00437,27.999343383434883,1.3951126840571875,2.0,548.7953504343291,0.2926515158568342,0.0,0.0,,1,0.49551348531723227
user_00438,15.01212802354199,4.426042345115551,3.0,530.9886315414798,0.3742580542727957,1.0,0.0,120.0496207505385,0,0.6321523373273189
user_00439,36.714545202080835,,2.0,285.31063999849016,,0.0,1.0,213.23164455218256,0,0.3938659471990803
user_00440,17.742821335215048,1.4251511109105546,4.0,849.6167831357658,0.5824386635366609,1.0,0.0,,1,0.6201755237769456
user_00441,33.22427339647643,1.0,1.0,548.9664701382535,0.5507437918763605,1.0,0.0,,1,0.5274983358829055
user_00442,62.08442685024844,5.752533967263167,4.0,281.6469023313952,0.6281992768376574,0.0,1.0,37.69027540282469,0,0.11927287216206302
user_00443,12.905112502163885,,,259.01812511329115,0.6516819844944244,1.0,1.0,31.340973356992173,0,0.33216190563360837
user_00444,68.53304435201483,3.7228435873704586,5.0,272.0775999012308,0.45160469768513545,2.0,1.0,176.5117433909113,0,0.32748592865403464
user_00445,26.536270448986997,1.2943605397851012,1.0,507.50084137532946,0.4318787561722067,0.0,1.0,47.8438021118473,0,0.36409059168943775
user_00446,15.82144979633568,1.454123210651024,0.0,854.751725328158,0.2837729168648575,0.0,0.0,51.93701328774533,0,0.4832178876942682
user_00447,22.95140733067101,1.0184481562971759,1.0,333.2622473097244,0.6816350907420953,2.0,1.0,25.531501169144313,0,0.15563270857287703
user_00448,33.384313940072744,3.498152708166587,,168.9403942280593,0.7604646148605443,1.0,1.0,,1,0.15084227862830926
user_00449,450.51198504195327,4.351382028648429,0.0,325.4023640965129,0.42387224052424655,0.0,0.0,,1,0.5371475774717854
user_00450,425.4836912908244,1.0,1.0,751.1030594261694,0.5311349533917763,0.0,1.0,65.52390286250822,0,0.616292130906262
user_00451,406.57053813239247,1.010179046209714,1.0,254.00351157766084,0.5459322225902069,2.0,1.0,,1,0.3332381761848684
user_00452,31.68479630938767,3.581710522699863,1.0,772.5990110597796,0.5838915588090787,2.0,0.0,30.66045859419888,0,0.15906188402655466
user_00453,47.991915485294214,7.8204458841227815,1.0,460.41091758376496,0.36610444954647664,0.0,1.0,101.14852614834633,0,0.2289274377078095
user_00454,15.256162637299452,1.5016954313110125,5.0,235.58667835877338,0.7091435548630657,0.0,1.0,61.687722017155615,0,0.09346141449281982
user_00455,50.60563278540084,1.5145987743166873,4.0,276.7140971016786,0.6770169313908038,1.0,1.0,31.62358812175913,0,0.15323602138148573
user_00456,14.729430527961885,2.3043154530493193,3.0,403.7241191629206,0.37897513221377704,0.0,1.0,261.3524698036689,0,0.43219437194718835
user_00457,,2.6891320861288706,3.0,321.9652199094921,0.4171055136772033,0.0,0.0,139.32279418417193,0,0.12113106739504587
user_00458,20.663713311198006,1.0,1.0,6759.145172607985,0.40239973822556124,0.0,0.0,,1,0.587176061914763
user_00459,33.681795297606556,2.9446225047760675,5.0,188.6407943710216,0.45925859684070536,1.0,0.0,63.36901196213676,0,0.23932560481138615
user_00460,23.4086957621936,1.9865225176475243,0.0,798.0663968275127,0.6940473303168255,1.0,0.0,48.65649238492808,0,0.2643068672200266
user_00461,53.84670067064851,,1.0,593.024524423876,0.455973940494416,0.0,0.0,64.51153884648218,0,0.16844764619045904
user_00462,36.38052393990904,1.6902814461816642,6.0,556.2076405639876,0.8973760870430963,2.0,1.0,55.5024976164824,0,0.14235935935279465
user_00463,20.938274155676968,,2.0,639.7365920348605,0.3295057147153298,,0.0,,1,0.5853771355856204
user_00464,17.04651435232573,1.4992066978668164,0.0,373.4099774482244,0.43839980657538663,1.0,0.0,,1,0.41195855629121103
user_00465,35.63943106703809,1.0,2.0,452.73032095641935,0.6029147627345782,0.0,0.0,63.12390285754259,0,0.24332629110543064
user_00466,23.418936995729805,1.0,1.0,,,0.0,0.0,,1,0.5808379479204175
user_00467,30.21579149718619,2.1166761897530875,2.0,657.1502842146259,0.6432857129598684,1.0,1.0,32.950149317004644,0,0.17118677391246886
user_00468,49.81411248914829,2.1983820243550523,0.0,,0.3570770483556557,0.0,1.0,113.59902293840894,0,0.39148124118964717
user_00469,6.880407902266915,1.0,1.0,923.6778436360217,0.2019515412371722,0.0,0.0,,1,0.9137790230487233
user_00470,516.1651032506733,2.1925124881997586,3.0,238.20855820988055,0.7222117644081989,1.0,0.0,23.57968507094982,0,0.09608578390759258
user_00471,14.062823566732845,1.4498483746488116,0.0,1279.4851243390765,0.49393140402253466,1.0,0.0,100.31526001212285,0,0.4258093470037562
user_00472,20.33936556622209,5.761400798006041,1.0,189.06714420310095,,2.0,1.0,47.390853006392405,0,0.0733527498611015
user_00473,28.63971868262306,1.0,4.0,256.39439070227974,0.638132957455721,0.0,1.0,57.043004378433125,0,0.24185990876678584
user_00474,31.355736303413163,4.290328302880152,2.0,,0.5505533864157081,1.0,1.0,22.60822212367393,0,0.2507370430096554
user_00475,9.888208154332425,1.2003117804165588,1.0,769.1688327893636,0.368489878588139,0.0,1.0,,1,0.7592945530760679
user_00476,20.79646579213338,1.0,3.0,468.78723094318536,0.4915169927944363,1.0,0.0,,1,0.5366587662207601
user_00477,27.004053580863246,1.7081475952175964,5.0,293.740165735965,0.835102106249542,0.0,1.0,63.666455929183634,0,0.08316792732490312
user_00478,43.51995336326161,1.0,3.0,140.06220272384382,0.5883417158082256,0.0,1.0,31.838570120998504,0,0.08983145896419187
user_00479,25.37794869814764,2.071258662341292,2.0,412.23213823463846,0.3242175550881158,0.0,0.0,76.22832925057499,0,0.5317689218451433
user_00480,46.830028236257014,2.260118659199307,4.0,287.145625838998,0.6291633932055862,1.0,1.0,106.59914413105402,0,0.30177873566973135
user_00481,6.087377344419025,1.0,4.0,838.0847634611646,0.3468124333471951,0.0,1.0,19.693528895556312,0,0.3663832490125303
user_00482,36.67974351584919,2.063886374540381,5.0,563.3375048144198,0.4271577385091979,0.0,1.0,40.77587095663113,0,0.22991386943074404
user_00483,49.35549722133178,1.8306406675869518,2.0,315.5231029269625,0.6687284303542896,0.0,0.0,75.24857167536203,0,0.29745116226584467
user_00484,17.503186366023172,1.6495907904074636,3.0,277.85727082725856,0.7758592486085651,0.0,1.0,36.54743177454216,0,0.08017963470665417
user_00485,11.386676777256424,1.4557394301254245,4.0,375.3609439497434,0.3489760084827387,1.0,1.0,,1,0.44881787400083095
user_00486,26.411700090166114,2.7262038103785406,3.0,373.30566125934234,0.6798164878803261,1.0,1.0,11.98252777958132,0,0.14588363154377496
user_00487,15.073743812489994,1.0,2.0,404.6398060626565,0.45079873921283,2.0,1.0,55.02926285784318,0,0.390278795442474
user_00488,17.589320747827138,1.108279268308595,,232.2480887650377,0.3670996867231036,1.0,1.0,58.912884445097696,0,0.3510674846219666
user_00489,37.264849428859264,1.8283947696531904,1.0,269.7965993500303,,1.0,0.0,123.01814656297016,0,0.2669214380075495
user_00490,,3.078589065050216,3.0,392.52520832366554,0.4757212126990982,0.0,1.0,83.23533465376565,0,0.24138154465003456
user_00491,33.79654112574733,3.5775801538925807,2.0,261.48514959055245,0.5716042531232856,1.0,0.0,26.595802300921854,0,0.286503368184462
user_00492,,1.3871672216379818,0.0,1035.9859621524172,0.31341149748534064,1.0,0.0,,1,0.601729623943682
user_00493,17.510220825870185,1.3690706299206727,0.0,668.9999492878354,0.551767884169953,0.0,0.0,345.4759680747106,0,0.48301662198798107
user_00494,16.705681272125602,3.8447272041757423,1.0,328.13680572024384,0.45177905609176083,0.0,1.0,90.0857937657247,0,0.37332802150676275
user_00495,14.585328459106789,4.651788237474385,1.0,310.13130045905655,0.3418304012705639,1.0,1.0,,1,0.38552754079170004
user_00496,61.82853719689392,1.0,2.0,253.28027262768725,0.510043551805183,1.0,1.0,97.26448635983502,0,0.22198580182500205
user_00497,16.836837306069,2.3199481324217555,0.0,365.670305863774,0.4630213092579697,0.0,0.0,379.478015547196,0,0.4635259416011359
user_00498,20.581011048352032,2.8794939822604726,4.0,,0.7074749800272413,3.0,0.0,133.08238261442852,0,0.25129959668043544
user_00499,21.642305369368497,,3.0,,0.555544311223977,0.0,0.0,,1,0.5316124276029741
user_00500,12.163269891535913,2.630355103068609,3.0,272.00499222817547,0.8304846971419346,1.0,1.0,,1,0.25172038035015565
user_00501,14.244386040401205,,1.0,438.3792954636296,0.46919091069420027,0.0,0.0,,1,0.7263147799192855
user_00502,9.776197695025408,5.212856738398051,0.0,516.6274703725121,0.4828524257791571,1.0,1.0,,1,0.6565906550418572
user_00503,25.329141075362603,3.189647473322697,4.0,172.9072654968159,0.826397874527838,0.0,1.0,73.73807996871737,0,0.16530406326835578
user_00504,12.969988550559338,,2.0,895.1054475293201,0.5219582978819672,2.0,1.0,,1,0.2944800613164484
user_00505,14.609403175651607,2.0670672944658497,1.0,326.2445234694054,0.36985949294046283,0.0,,36.651284656609086,0,0.38079605528847216
user_00506,13.684976805265865,1.3187526658965243,1.0,806.4353798328843,,,0.0,118.2003097658473,0,0.36433218394892775
user_00507,30.72842161035766,1.0,3.0,357.8446738670744,0.5756903697340959,0.0,1.0,40.12887719509983,0,0.44507786806853883
user_00508,50.63722850877069,4.2405484390199515,1.0,271.9156401281199,0.4506599542955454,1.0,1.0,,1,0.32623311204747424
user_00509,21.350766621887555,2.073144563098651,2.0,758.8356132538016,0.5210764550653322,0.0,1.0,,1,0.4526456947726933
user_00510,21.56093765802423,2.3033117348818872,2.0,6832.195358463154,0.5633888572549629,0.0,1.0,129.55962752559205,0,0.36442552360981256
user_00511,38.021789050194464,5.803771686653967,0.0,639.7874093900725,0.4188527658272556,0.0,0.0,,1,0.4509418628360547
user_00512,28.826578529170128,1.0,4.0,,0.6035557268118301,2.0,0.0,,1,0.372796244069001
user_00513,13.818943650403936,3.9962959399325637,4.0,530.194037552573,0.6245649303734022,0.0,1.0,21.681283760140705,0,0.36863755921119135
user_00514,13.35460539976521,1.63326074160235,1.0,323.29605236137024,0.4406373643480692,1.0,0.0,138.81567997878395,0,0.6157584504099041
user_00515,13.020052350671122,67.36927070568964,0.0,530.6696082361019,0.23858263271995858,0.0,1.0,29.534150432529845,0,0.6026297884332036
user_00516,13.142533304091312,1.1128039526801068,3.0,592.1949615535747,0.7091876328859171,0.0,0.0,90.0880519292869,0,0.48202075822840457
user_00517,24.43034808404239,5.448033942879881,3.0,566.7582092162207,0.6083512483938576,0.0,1.0,135.0706476424941,0,0.22881917333089294
user_00518,18.45071593759681,,1.0,303.3524770011098,0.23872248353980513,0.0,0.0,223.04640066539702,0,0.3449720783243013
user_00519,5.861057765700308,1.0,2.0,708.021144791313,0.23214669637602156,0.0,1.0,326.27004374463286,0,0.693005564852103
user_00520,,5.074891569631352,3.0,331.0180964112574,0.7448362709821331,1.0,1.0,31.170875475079935,0,0.0885417020309371
user_00521,10.668597460283806,3.7675622799526702,1.0,273.8371375635144,,1.0,0.0,,1,0.5434475915246262
user_00522,44.45000922394654,4.352051844624373,6.0,350.851649121868,0.43788003355339944,4.0,1.0,19.259561170960314,0,0.15243398064987143
user_00523,18.61192634277202,1.0,2.0,801.8023935352447,0.5861274930783964,0.0,1.0,,1,0.5981930129118792
user_00524,19.728277471788683,5.947608319573997,1.0,162.56203660777552,0.6344174665395088,1.0,1.0,29.691120225255155,0,0.05640103705593946
user_00525,15.54501496178161,1.122315740264565,0.0,929.0039170838387,0.5154257168103834,0.0,1.0,,1,0.45464008443651455
user_00526,25.606863466891152,2.1148681024614695,1.0,464.55756960700603,0.15639727610617565,0.0,1.0,,1,0.6233285706534876
user_00527,53.27169665716471,1.2155546168301203,3.0,317.6484226808409,0.5676929144099458,,1.0,94.27432416119899,0,0.2470401280690713
user_00528,34.41788803787171,2.8704794305247563,1.0,489.2446851164254,0.4238405054273448,2.0,0.0,37.32006249034115,0,0.5112408314284123
user_00529,31.464142112848826,4.133838854640955,4.0,470.2445793135775,0.6467479156283875,0.0,1.0,94.91768933765644,0,0.13396158114254855
user_00530,28.429120302756537,4.313912166157277,1.0,473.63278401948907,0.5694463539376121,,0.0,57.438444833897854,0,0.4866957331876751
user_00531,25.560967127775122,78.83900371483568,3.0,428.78392647797074,0.5680707297447629,0.0,0.0,,1,0.45722038948839255
user_00532,9.31252890061782,4.766097162584407,2.0,396.37378393411126,0.4539237424021983,0.0,0.0,69.72263445237131,0,0.3779745403540545
user_00533,19.060119730612485,2.613144230469501,3.0,253.2560978069775,0.8185253543433056,0.0,1.0,27.58964325020953,0,0.11760177081713953
user_00534,19.805996001931476,2.5458492193394453,0.0,447.11572077845216,0.7360297204212626,2.0,1.0,34.18854010913513,0,0.3174506222276902
user_00535,6.441109579696118,3.6732527232202514,0.0,,0.26549965847596574,1.0,1.0,137.9004807199881,0,0.4956489608767629
user_00536,2.445125786546458,1.0,2.0,1313.1284567964337,0.2060613468693232,0.0,0.0,210.00113877068762,0,0.8147336252920442
user_00537,36.16958274456823,4.1332970916821,4.0,550.5537531456351,0.7996004482015204,1.0,1.0,,1,0.21812593383324655
user_00538,19.254082567804506,1.239205191381534,2.0,219.23881485333956,0.40282507375955307,0.0,1.0,,1,0.5874549413158334
user_00539,50.9668126209831,3.185989848710466,4.0,282.2283320602155,0.7691168728493789,0.0,1.0,41.77183009865925,0,0.20468243176085735
user_00540,11.38173516730265,1.0,1.0,446.8880915084157,0.4031615715022136,1.0,1.0,,1,0.6122926544843195
user_00541,28.877456515397487,2.9417508942451116,0.0,363.3965445665159,0.5011817407781012,1.0,0.0,,1,0.2699962365723223
user_00542,12.039951394327781,1.7000771132418293,4.0,699.4375878447006,0.533437508041909,2.0,0.0,64.12161666685314,0,0.33494118052328176
user_00543,40.08225729433852,2.607222729874666,1.0,276.4664417592805,0.4591402662734586,1.0,1.0,57.44997547103669,0,0.2793182276032733
user_00544,21.03173580594905,4.331850416840406,0.0,574.2511811238043,0.3022200536921949,0.0,1.0,,1,0.6317687228105905
user_00545,113.11102309967175,3.996445021740936,4.0,332.5939796065284,0.8029272839433372,1.0,1.0,57.21140753237049,0,0.02439874423018167
user_00546,29.821647253702626,2.4108354947769493,3.0,203.847693266308,0.5763290204287979,0.0,1.0,40.38439623431496,0,0.2660460032730433
user_00547,44.626219957029,2.121608119291803,4.0,531.6245998357697,0.602798636417303,2.0,0.0,53.229762300968396,0,0.27027032068316104
user_00548,37.45257739362216,1.442951687187308,2.0,523.86577481677,0.32712751236760085,0.0,0.0,106.56362681247907,0,0.5598719711200467
user_00549,42.22621367241554,2.1247446232461162,4.0,177.21112229177797,0.8301612759340458,2.0,1.0,66.61727634229867,0,0.09076977640128633
user_00550,30.482173713259154,2.8154830980641976,3.0,484.6557655559558,0.5046302027478698,1.0,1.0,38.99596460586624,0,0.4713489568099919
user_00551,43.89445835517373,1.0,0.0,267.41548887399574,0.42813225773707875,1.0,1.0,,1,0.3263783874713388
user_00552,15.264315023413001,5.291031771732395,2.0,597.754686467791,0.46577863979500833,0.0,0.0,,1,0.42343702349452567
user_00553,47.829210717637494,1.2906603563038896,3.0,264.13108231321655,0.7565973709984467,0.0,1.0,41.87988401922345,0,0.13010738120225354
user_00554,14.24743203363748,1.0,,638.9644531028891,0.27220537483172413,0.0,,,1,0.7513867689838323
user_00555,10.93707333848616,1.856909887726959,2.0,387.3788566110675,0.5021960342821941,0.0,,83.42064040121905,0,0.520275157342071
user_00556,27.10613235710719,1.51586638375637,3.0,776.3560450613204,0.6315149060092817,0.0,1.0,103.14106878191102,0,0.28276377839373235
user_00557,,1.0,4.0,744.5136595314201,0.607322957364511,1.0,0.0,33.23826421129222,0,0.5859626405449108
user_00558,8.252687979538265,1.001534920660466,3.0,702.9654194517182,0.4863163067571807,2.0,1.0,,1,0.6186258982661845
user_00559,38.27918662368278,4.259435666785296,3.0,565.8032475827611,0.5470558975342305,,0.0,49.649843239988044,0,0.33118717794331193
user_00560,22.8863379998658,1.8160195006821103,1.0,525.820058713083,0.1541608487010378,0.0,1.0,,1,0.6701280918418974
user_00561,41.100964420112135,6.493008821727755,1.0,,0.6675469833628327,2.0,1.0,59.95214068376269,0,0.1330586885187563
user_00562,5.241466963844159,1.0,0.0,289.1488734468553,0.04214848355001668,1.0,1.0,,1,0.7455714965053715
user_00563,23.010410280266534,1.0,4.0,864.933674335711,0.30119651108680057,1.0,0.0,,1,0.5008994925295295
user_00564,30.696404566145738,2.7089004925775537,,393.6202318159208,0.4245564779074884,1.0,,,1,0.4479170680049584
user_00565,9.567260182923759,2.9614007859140425,1.0,1194.1798367536483,0.4278503348812929,0.0,1.0,42.2527889630435,0,0.5524520400558575
user_00566,82.35913791272732,1.826279091417292,2.0,509.0844727510842,0.6444781459163618,,0.0,180.04153264793823,0,0.25426109284460224
user_00567,430.4076072168258,1.9572960018219303,0.0,438.5679138797258,0.301340241652301,1.0,0.0,41.31234852888378,0,0.6488174508068704
user_00568,55.40007732660213,1.0,5.0,203.74535529406882,0.5986835862208032,0.0,0.0,50.461082080413675,0,0.2826057610692858
user_00569,52.80520063389549,2.5943676015742922,2.0,203.4058967284387,0.7261693112158978,1.0,1.0,88.14482504200222,0,0.06937255716148084
user_00570,38.14288624698162,2.31227828308008,0.0,156.56901065570926,0.6547366531459599,1.0,0.0,105.45728778432289,0,0.26611270971656126
user_00571,24.277143915744666,1.7966173675857258,5.0,461.6110858418843,0.6002961853452634,1.0,0.0,13.584178169482755,0,0.08356102392410866
user_00572,28.4380200965525,1.0,,684.8462570448304,0.36688281674133755,0.0,1.0,134.0460033242596,0,0.4963550855436345
user_00573,12.044729431917931,4.4385944935073205,0.0,7165.0126935418975,0.6082194908623977,1.0,1.0,,1,0.37676627953929137
user_00574,9.460895052183249,1.0,2.0,318.7130568694058,0.4168353934481454,0.0,0.0,,1,0.582882613673092
user_00575,9.178153383005244,1.4413588598892582,0.0,1199.6325584599724,0.36670222572054156,1.0,0.0,,1,0.7375969776372282
user_00576,23.349769541099324,3.125847581074043,4.0,378.1493079684222,0.6269748520358048,2.0,1.0,,1,0.2815208780679598
user_00577,13.908033073640878,1.0789737378316844,1.0,539.9501854204009,0.4562070152238692,0.0,1.0,,1,0.4023320668387287
user_00578,27.40310653771807,,1.0,559.4532741709013,0.49123270057588175,0.0,1.0,,1,0.24892897758325727
user_00579,7.3368599771289835,1.0,2.0,364.1847782295827,0.405722822027744,1.0,1.0,263.4380217802757,0,0.6253490572217693
user_00580,13.320242514585933,1.1380994193312604,1.0,474.00027133584945,0.5284454043317655,1.0,1.0,67.92159732432046,0,0.4093680659944993
user_00581,11.225229271597268,1.0,0.0,877.8765227933865,0.054435014135410034,0.0,0.0,,1,0.7813306032580387
user_00582,57.84086243798701,1.0,2.0,298.07282930867024,0.679457692627178,0.0,,,1,0.39910554897323247
user_00583,21.950057184145873,8.65334906672685,4.0,248.37162728089072,0.5352650546076176,,1.0,,1,0.2565347721297058
user_00584,16.6452055069927,2.3897501707032807,1.0,357.76118539524094,0.2879612788596607,0.0,0.0,61.6642491651376,0,0.5987767106588155
user_00585,21.765537012376353,,1.0,886.461991450456,0.4133283911122697,1.0,0.0,,1,0.673622106808278
user_00586,17.77267907800356,3.4179934497700923,7.0,211.52617705590575,0.5557002011595072,1.0,1.0,53.45918664590522,0,0.23925506169193145
user_00587,13.238422533512308,1.0,1.0,1054.1477510443851,,0.0,0.0,,1,0.8352984924948684
user_00588,16.025247102691115,1.8204573310059058,0.0,858.2333567230544,0.3099208485675609,0.0,0.0,,1,0.6293387765499664
user_00589,20.07940906025324,4.5087587742552735,3.0,673.629403516614,0.4579892860250719,1.0,1.0,161.70250978642775,0,0.32211618594336444
user_00590,30.42312193939748,2.3104294920975916,3.0,307.9274417232496,0.5705097644478375,1.0,1.0,,1,0.3780398393697977
user_00591,4.289821417558398,1.0,0.0,937.5157929872618,0.13641806618653826,0.0,0.0,,1,0.7870893916817091
user_00592,24.504154214762718,1.0,1.0,333.33778086869575,0.3910685791627255,0.0,0.0,82.80017187870126,0,0.5041487040570768
user_00593,17.578377097027747,1.0,1.0,883.1707943871754,0.24171370754128227,0.0,0.0,,1,0.7262373619585548
user_00594,43.34735257428924,1.393450444234196,3.0,278.1359414514224,0.5671555639042247,0.0,0.0,65.22695691990985,0,0.3643417872338749
user_00595,52.731511389280065,3.236135390539379,1.0,221.78716301797047,0.8105060469191209,1.0,1.0,33.01679181141488,0,0.029941122080356306
user_00596,35.51897851555652,2.128274411472061,1.0,311.3003486418065,0.5699352157427701,2.0,0.0,,1,0.2909650349539363
user_00597,15.449762352570206,2.71492390032009,1.0,234.5587161160804,0.25476867846608015,0.0,0.0,50.40212053635435,0,0.6408503204520011
user_00598,17.566527798541884,1.0,1.0,747.7173856504066,0.19526773340291775,0.0,0.0,,1,0.7201118004650435
user_00599,34.43272651075029,1.913749949780822,4.0,204.89317413368647,0.6722819515463525,0.0,1.0,66.15972782064709,0,0.1595201961297031
user_00600,17.558566823348034,91.64369153324866,1.0,274.76163273857395,0.7422958205902042,1.0,0.0,48.11766811282471,0,0.11501377104782821
user_00601,28.97622126830941,1.0,0.0,364.62170173110985,0.41497979114116185,0.0,0.0,71.55796308283784,0,0.6101235119094544
user_00602,27.4381991097634,1.0,5.0,413.89310147667214,0.6212566530904713,,1.0,18.271680898051528,0,0.12154614891673125
user_00603,23.557833743889187,1.1183423232551022,1.0,256.95838660000265,0.7016904128335161,0.0,1.0,75.85890108345721,0,0.10567241901420514
user_00604,21.815012223407468,1.0,5.0,520.6649164133812,0.525861241631303,2.0,,71.9450828496554,0,0.5029804373402107
user_00605,15.556308441794727,3.8739599591059855,2.0,266.96024525031874,0.43045592456039794,0.0,0.0,30.495781309537215,0,0.12153550408069674
user_00606,9.251548859574033,1.8923073731374729,0.0,519.5357802809655,0.2029819054956829,2.0,0.0,,1,0.5054459923316421
user_00607,29.48706198965968,,0.0,,0.7732318534628189,1.0,1.0,56.696449005236694,0,0.06472146176376804
user_00608,12.754181153723092,3.910978723928332,3.0,442.94404307970166,0.3882138698637981,0.0,0.0,96.25887747795772,0,0.25201884882892917
user_00609,27.45884842143094,1.0,1.0,584.2415286043215,0.22559612363418244,0.0,0.0,,1,0.6776326863192865
user_00610,17.983844579284206,3.189336615326249,1.0,135.82175940888155,,0.0,1.0,98.83851163857015,0,0.37674192231572623
user_00611,43.234070781239815,1.0,0.0,517.4018413283751,0.64305366250107,1.0,1.0,102.2219825306001,0,0.2309810916264446
user_00612,11.957043503784119,1.0,0.0,498.0475133809806,0.19176489676122038,2.0,1.0,,1,0.6756745803410609
user_00613,,1.316840505999269,2.0,260.16990313866796,0.6808771931381885,0.0,1.0,42.462403325630845,0,0.08835113126217649
user_00614,72.40342074049725,5.364071460631817,2.0,194.44085474220412,,0.0,0.0,,1,0.06031134498312673
user_00615,30.490186684822802,1.4769151942735872,1.0,516.0218019762426,0.7859943671727628,1.0,1.0,186.82322960972897,0,0.28676919577345444
user_00616,22.062395768167793,1.7051698447481367,2.0,7446.678210900001,0.29776668403045115,1.0,0.0,88.38324048194633,0,0.3239051993312899
user_00617,17.33014904440476,2.29617773158916,3.0,10594.984561294214,0.424720138457509,1.0,0.0,,1,0.632270980335744
user_00618,29.36046684812278,3.802958089180124,2.0,266.40343057977515,0.4887836729470427,1.0,0.0,,1,0.15583391742046243
user_00619,23.649239865843708,2.24939712193699,1.0,384.6585089110903,0.5746905309925692,0.0,0.0,59.52128666061598,0,0.35501214068974146
user_00620,14.37798820354452,1.0,0.0,326.6734562957924,0.6747333867873893,1.0,1.0,42.65761658750876,0,0.055651919461065416
user_00621,25.6810325981517,3.004713063979919,0.0,353.6122229647923,0.5213652663964434,1.0,1.0,41.49125104063142,0,0.3755479987672648
user_00622,52.75197763820795,2.4197787112697364,,1023.4004126583236,0.3912459607592425,1.0,0.0,43.92681822107671,0,0.23598825014108338
user_00623,26.502610920883185,1.0,,494.22606357102984,0.5986330610150244,1.0,1.0,35.43202398957013,0,0.3890413748093096
user_00624,13.27128429884613,3.1200278346906885,2.0,8781.48798669592,0.29802511279115296,2.0,1.0,,1,0.537259302510351
user_00625,11.588551354333436,1.8360592554011839,,11211.795918979175,0.37142173504858705,0.0,0.0,,1,0.705193925403453
user_00626,36.62372354882258,1.143257480924023,0.0,304.9462281052094,0.2609767351610201,1.0,0.0,,1,0.4724072342853858
user_00627,21.478450120391198,1.0,1.0,408.09235450625954,0.5791160920454493,0.0,1.0,,1,0.3171555972326604
user_00628,25.29410126600681,2.222839072864447,1.0,266.6949172735491,0.8619230341774886,3.0,1.0,36.74459305547331,0,0.11710045068419306
user_00629,22.886533816284867,3.8949705551129896,2.0,286.9631265045833,0.5827141479188968,1.0,,62.65618048908771,0,0.12199293933287902
user_00630,8.663657707106202,2.3697697500627948,2.0,274.6849410880613,0.6161599384851956,1.0,0.0,,1,0.3662093484614941
user_00631,44.032568189906954,1.4916328191475945,1.0,671.3951953557082,0.5149289308640889,0.0,1.0,,1,0.5197806185653722
user_00632,30.87861933910956,5.715310612768557,0.0,684.9182552365105,0.27866053203981567,1.0,,34.24043379772655,0,0.6427924464283755
user_00633,16.27090970212543,1.4689300983109987,1.0,672.6092768683502,0.5778438106056759,,,,1,0.4682587981065118
user_00634,16.85588325285653,2.48106875457239,3.0,491.1098086294647,0.43736892188845417,0.0,0.0,,1,0.3941936436724268
user_00635,,1.3780170491347572,2.0,288.44871525409997,0.1460056930200037,2.0,0.0,,1,0.662201691852054
user_00636,9.741596369928939,1.0,1.0,953.3477212389994,0.0667330560489967,1.0,1.0,42.651089617711904,0,0.767973112725529
user_00637,35.755046656691974,4.684921137078739,4.0,255.53677133323563,0.5937337515070344,2.0,1.0,28.447196770480787,0,0.10861712153887301
user_00638,20.715474288704044,1.2210974192736244,2.0,340.53243556183014,0.5233583560715362,1.0,1.0,81.73718082459783,0,0.2609981840665305
user_00639,14.875813787814408,1.158549989365555,2.0,442.5976547569409,0.1966918650208709,1.0,0.0,264.8641334776569,0,0.608052967839907
user_00640,27.703052977437718,3.0530620765004435,2.0,868.3348515170215,0.5771445074192112,1.0,1.0,20.51777123465265,0,0.20389466597446362
user_00641,,3.1901394673172443,2.0,499.1466081810691,0.4200732917735533,1.0,0.0,57.846746302378,0,0.3361210997883945
user_00642,9.094816172532203,1.4843414710141458,0.0,551.5899837175946,0.14864828820699866,0.0,0.0,390.8083746387421,0,0.9168072918612564
user_00643,15.066841109844123,1.1961487177283017,1.0,674.5940691167476,0.4218275944038617,0.0,0.0,,1,0.6778150858284261
user_00644,6.060664266248171,4.371792005535296,2.0,444.9700383674514,0.4411389265217129,0.0,1.0,,1,0.5235986237893809
user_00645,13.68943977079625,2.5755433652689494,0.0,878.4102251816058,0.22301662191429253,1.0,0.0,,1,0.7820685138535091
user_00646,34.68169419804415,3.3528016649297636,0.0,258.6209384347678,0.50476436908107,0.0,0.0,30.85029579606528,0,0.17434045380803836
user_00647,25.349661976759087,1.0,0.0,390.39637026360714,0.4126889299154828,1.0,1.0,104.63274154379067,0,0.43618775076892846
user_00648,14.097530289254799,1.595214587511073,6.0,532.3217511645263,0.523672579445452,0.0,1.0,,1,0.4737438237011031
user_00649,27.11647540969977,2.0880729616761697,2.0,298.82716911219217,0.6848013464912432,1.0,0.0,,1,0.316339059600912
user_00650,52.68513832954262,2.067825027151726,2.0,265.039206045206,0.6206226647193661,1.0,1.0,19.075868901526896,0,0.2055751330758083
user_00651,29.007348213888342,3.4264582602208167,2.0,682.2060217445792,0.7911969103359333,,1.0,31.57917308762494,0,0.2200395486367126
user_00652,35.500035109874574,1.0,2.0,262.369613326252,0.49199179113529934,2.0,0.0,,1,0.18472853203252843
user_00653,41.21052408650825,1.0680822379595578,3.0,978.5316153404178,0.3175760054984085,1.0,1.0,65.75721733728078,0,0.5521202464987797
user_00654,36.47061733654816,1.0,3.0,697.8474834303045,0.28578468247558986,0.0,,,1,0.6455832800840924
user_00655,28.77888483867511,5.022517313232716,6.0,458.00415613198027,0.31392961262466745,0.0,1.0,56.035882013981755,0,0.3353039443715469
user_00656,17.047175104649455,1.339738265464093,0.0,881.2016872869957,0.30165826193338613,0.0,0.0,,1,0.8684454626023175
user_00657,37.724360496511295,1.9383966191930877,2.0,356.99325271211694,0.3850121525536577,1.0,1.0,31.289263434542004,0,0.4170528278781354
user_00658,40.73825130108223,1.3551455771821832,2.0,394.42469974544866,0.501297403518622,1.0,1.0,49.76057057528176,0,0.33969275877218763
user_00659,28.017773660046807,1.0,0.0,617.1440612637487,0.1678619401522099,0.0,0.0,,1,0.7842514061181021
user_00660,26.459937402025272,1.5036764203686652,8.0,151.26012034814613,0.5319897254118142,1.0,,173.3451301702988,0,0.21254261181566908
user_00661,43.366492256449504,2.664700416554848,1.0,490.2070575286472,0.49154072088854,1.0,1.0,67.45129699744427,0,0.2374852559481483
user_00662,14.386836664557288,1.0,1.0,222.84917297216552,0.3474527656027228,0.0,0.0,,1,0.5162935430740017
user_00663,13.753504320849899,2.160841842390414,1.0,506.3739483443179,0.22933358855357122,1.0,0.0,,1,0.47739037274888374
user_00664,21.71452049898506,1.708621850630933,2.0,343.17505707010577,0.7270917864048455,0.0,1.0,,1,0.25678750511015425
user_00665,24.002901480680876,2.2965221844267756,1.0,536.0586494306917,0.4702969130797284,0.0,1.0,,1,0.5066225804054013
user_00666,27.134265713968833,1.9008811325558082,2.0,549.0163085555564,0.49131405517566457,1.0,0.0,118.75738227314294,0,0.41565132149172274
user_00667,12.926846616874649,3.981207247003494,3.0,630.388060250072,0.3700898947979287,,1.0,,1,0.36621874988337827
user_00668,31.2112626280538,1.3515698561388503,2.0,153.13823997754645,0.6351468263864738,0.0,1.0,75.12202628501399,0,0.3755146990050903
user_00669,20.959235288621514,82.02788935387936,3.0,757.9194044185465,0.374960490546286,0.0,0.0,,1,0.3328378146565774
user_00670,38.392184940634834,1.35565599514166,1.0,409.4147356212293,,0.0,1.0,,1,0.41548882240998464
user_00671,,3.907426422096922,7.0,87.96023900469194,0.6734810961980106,0.0,1.0,50.136087539319064,0,0.022499793607239815
user_00672,20.700005678002007,1.4469024651109479,1.0,703.338229818545,0.20303758018492632,0.0,0.0,,1,0.7198008806040543
user_00673,25.287553346973475,1.4075553105751586,1.0,345.8825245237581,0.5658888357957005,1.0,1.0,113.18843755372178,0,0.29568602936531435
user_00674,24.22767766647884,5.590745034241748,1.0,469.1439140090435,0.8195045692556261,3.0,1.0,84.14225961569096,0,0.1704944388263653
user_00675,37.003124610190575,1.9549263014958254,0.0,10327.144051409836,0.4772285576691854,5.0,1.0,,1,0.4093854873241104
user_00676,27.49286955776188,3.129539968777978,2.0,267.8354650853802,0.6790288146628646,0.0,0.0,24.951439861371,0,0.17515741002390772
user_00677,85.02419989849317,3.2366405662365625,3.0,315.0943440630287,0.6685033201784986,1.0,1.0,34.73030050439116,0,0.22075007506178287
user_00678,44.03582319346702,3.936365267511359,2.0,282.9155342169401,0.6858598352795111,1.0,1.0,124.34276320136931,0,0.12015327382218996
user_00679,23.549858414998766,2.8872912783572695,2.0,797.2235320496223,0.8581563164083837,0.0,1.0,45.86794489272719,0,0.11015307564802918
user_00680,496.3589864311841,2.56192879783101,5.0,598.3502218021828,0.6666105402489138,0.0,0.0,,1,0.4157479645593605
user_00681,13.605085591785611,1.0279571751830252,,471.11697139760383,0.32853974947654535,0.0,1.0,131.75204090807878,0,0.4263174470213714
user_00682,22.67845767092183,70.52620666350694,2.0,377.67925126662175,0.2806721064265715,0.0,0.0,,1,0.5354816849501893
user_00683,41.27365126364913,2.964346350433464,3.0,226.80349739561498,0.3859051782814776,0.0,1.0,40.18486909008504,0,0.37517059828590227
user_00684,19.965727550932126,2.3437133053533223,1.0,431.3734047549788,0.584726843015446,1.0,1.0,,1,0.3793619098786183
user_00685,32.968302206284065,3.175663102117216,1.0,160.6677040482978,0.8828332997797975,0.0,1.0,34.758141328188856,0,0.1615704606411227
user_00686,36.663024096035834,3.4790182209848983,2.0,338.1943340649498,0.5270216983012352,1.0,1.0,76.76927123832982,0,0.28700969778337454
user_00687,16.55751549929306,2.9625938928850633,1.0,278.06759784665593,0.5492002937519764,2.0,,,1,0.45518757319417225
user_00688,16.083304762898564,2.4164188374571793,1.0,1221.5982795847106,0.21814063217058902,0.0,0.0,,1,0.7376934086324743
user_00689,35.583979595784264,2.571944325381615,3.0,666.3506036772461,0.386903503430063,0.0,1.0,,1,0.3104278244672911
user_00690,11.829082832151949,2.4433593206567137,0.0,537.1679632655561,0.576085737109244,2.0,0.0,35.96807160957716,0,0.4525304945905168
user_00691,43.63024719843187,1.6380019356090028,4.0,330.86727880552957,0.8323897886724408,3.0,1.0,27.466801056409896,0,0.04465048678759172
user_00692,15.402596003162948,4.238767457441566,0.0,249.68520900221003,0.42014570189233363,0.0,0.0,158.4869027763966,0,0.1867266209519419
user_00693,20.197821945180436,1.903648961274645,3.0,7909.499773796668,0.3632807103681753,2.0,1.0,,1,0.5365868302847834
user_00694,24.160706330214566,2.0052769407486672,2.0,567.0137974919201,0.4490739174228808,1.0,0.0,141.77993114812148,0,0.4781571467285341
user_00695,33.068482827282786,2.495311065258239,3.0,393.6041715377739,0.4965248580361851,3.0,1.0,50.26307072856578,0,0.22469571656751855
user_00696,8.542052717513162,,1.0,514.0604841251909,0.24567241277327273,0.0,0.0,,1,0.6991799887940792
user_00697,18.16517806527889,4.337007987266691,3.0,285.5025170506126,0.687030458532952,1.0,1.0,38.13107354571044,0,0.193215056133562
user_00698,26.1061625361665,7.469805335386234,1.0,,0.7552844623120607,2.0,0.0,22.086106883277004,0,0.09364447667145383
user_00699,12.716139691225884,1.6108876099091791,0.0,673.9791171181523,0.2770434352757854,,0.0,,1,0.5787719146035205
user_00700,23.557369745950773,3.682245074420782,3.0,435.02202281388946,0.42863615864251947,0.0,0.0,,1,0.48895549008948413
user_00701,28.90268050917404,12.294212546610332,1.0,710.9476238047572,0.6163223304332526,0.0,1.0,220.41077751190673,0,0.4514038167500737
user_00702,46.426881390330955,3.3339974597855466,6.0,481.766261227138,0.5575906967474857,0.0,1.0,90.78601107986266,0,0.2503294004742196
user_00703,7.0390329675701615,,2.0,763.9895352947212,0.16938385581622548,3.0,1.0,100.17451734631643,0,0.42945363806716164
user_00704,12.824726696166074,1.6087289736119859,0.0,233.6245221790081,0.4095793139662944,0.0,0.0,,1,0.4648019812631314
user_00705,38.02397478372176,1.3605906890253034,1.0,,0.6627442767120589,1.0,1.0,71.57868581982977,0,0.23452896053440853
user_00706,8.053042622592535,1.8319117558329183,1.0,495.741877082994,0.3739399704352934,1.0,0.0,,1,0.5426698466921706
user_00707,481.1827345708924,1.2453235342551263,1.0,295.41815051325676,0.46528119528621914,2.0,1.0,358.13010486954386,0,0.525042196764316
user_00708,16.956222217625175,1.0,4.0,516.5523212346453,0.5165820309077234,1.0,1.0,91.9620332393567,0,0.44097155348503614
user_00709,15.35064535009695,2.834596278221673,2.0,615.0439216035267,0.8012306205323039,1.0,1.0,67.1971878144737,0,0.18876439549056956
user_00710,42.177118115975375,9.070683688803236,3.0,471.0997083317605,0.5926794143834672,1.0,0.0,16.98749787061503,0,0.20542610807297135
user_00711,24.660504468010558,1.0,1.0,587.7424220072472,0.15081514935428822,3.0,0.0,134.26084906319556,0,0.6822177607799529
user_00712,35.423476521231265,,1.0,328.3270045979967,,2.0,1.0,,1,0.4262381782976015
user_00713,20.29607566653286,1.0,2.0,807.4138449732217,0.45780625021166166,0.0,0.0,215.88423429215192,0,0.6200023458698433
user_00714,17.87368670279552,1.1035934884958156,3.0,415.73625626389696,,0.0,0.0,61.95474607610297,0,0.4586890619629097
user_00715,8.236757597973474,1.0,1.0,502.38244882781584,0.28635293742180035,0.0,1.0,,1,0.7608831740915751
user_00716,33.6748106657148,3.193713159282765,2.0,276.01322634429704,0.7493505195783455,1.0,1.0,22.761401141993357,0,0.06651085996475264
user_00717,31.079967008577764,1.5438933093672658,4.0,660.0114648125355,0.559006704649015,1.0,0.0,83.51508703465514,0,0.4001657884849794
user_00718,33.9598857795295,4.522268995174209,3.0,282.1187734320382,0.5254526313261703,0.0,0.0,174.85988893205163,0,0.24331469768690492
user_00719,17.260603572565337,2.8600222379148046,0.0,699.2466629729314,0.7546355107843904,0.0,0.0,159.04985100061245,0,0.45599256241026204
user_00720,24.256147197175178,1.6260223843104813,2.0,436.4180890513076,0.47909826368666664,0.0,1.0,,1,0.5414977541283387
user_00721,25.08733764812187,4.768755806319291,1.0,561.9674512422145,0.7860342833523595,2.0,1.0,41.78325447578746,0,0.1017649137631007
user_00722,31.287975033572398,105.55444430772754,1.0,747.6108420374237,0.6888617979353129,0.0,0.0,65.95457755610494,0,0.485721198611923
user_00723,,1.4703601326290825,4.0,402.62886950696185,0.6728965512280374,3.0,1.0,41.12727729503748,0,0.25141719700536463
user_00724,12.100332127060497,3.805430255977508,4.0,497.6635997569133,0.19190841138590706,0.0,0.0,68.90925027041462,0,0.49606684524617944
user_00725,,7.3116107480931065,2.0,333.38224020667656,0.7901443222037535,1.0,1.0,31.825767094286025,0,0.23575941648139856
user_00726,51.40297197538486,1.7453046115926933,5.0,428.10740104262015,0.35083699275763314,2.0,0.0,89.46552412945326,0,0.3510647567318513
user_00727,50.40194864819406,3.477260777713713,2.0,384.7913391973308,0.5253301187337129,2.0,1.0,,1,0.1671328569918977
user_00728,51.004127358078755,3.0767413101391052,2.0,297.17926786236603,0.48888666788905627,2.0,1.0,61.75881879558706,0,0.1842952777878114
user_00729,36.3885466050387,7.207068447089735,4.0,235.34528750297352,0.7799577351486817,2.0,0.0,16.280889172270093,0,0.04245050032387025
user_00730,26.814572582106894,3.3194474651696875,1.0,576.2271227757951,0.44806464362251774,1.0,0.0,,1,0.5812923741352353
user_00731,43.791206198070654,1.0,0.0,586.7629299343992,0.2015779828698205,0.0,1.0,,1,0.7090363285570164
user_00732,24.664294667675946,5.69006022265876,2.0,345.00690651425845,0.48639857942889847,1.0,1.0,63.80117347336283,0,0.16480891420665572
user_00733,6.088383556612317,1.2111643574071034,0.0,741.3669573108124,0.20406903589359052,,0.0,,1,0.7494663112239591
user_00734,36.36812751431427,3.0659323155724354,4.0,489.53316627954086,0.5916290680698061,1.0,1.0,,1,0.27102378627484686
user_00735,16.495247310487926,1.2233620130839176,0.0,414.5304402866821,0.4448808393799253,1.0,1.0,113.36083000476754,0,0.4259160356053612
user_00736,21.267955235380878,1.3877670750511282,0.0,693.7917165958505,0.6596570211432727,2.0,1.0,22.971795783290702,0,0.22974522200186595
user_00737,3.740639249820703,1.7052752023889617,2.0,359.0863722383693,0.36020369792696566,0.0,1.0,,1,0.5060632832897595
user_00738,555.0047075983911,1.8235519012131622,2.0,208.9763174294311,0.5291038705153199,2.0,1.0,,1,0.246723969214566
user_00739,26.29729996842518,1.0318923254917198,3.0,185.6977452878286,0.439087815699768,1.0,1.0,,1,0.38075979003188054
user_00740,7.853099555416173,1.1315737409403162,0.0,1751.4994994149538,0.21984125855200243,0.0,0.0,,1,0.8452912965645454
user_00741,27.80867971772359,2.0346449484577103,1.0,542.3891055857359,0.804523503966624,0.0,,31.312259657330042,0,0.18157981455616398
user_00742,26.606931675945074,1.4762411830734512,3.0,919.6701304340849,0.2373787360566018,2.0,0.0,,1,0.6963200910307956
user_00743,50.9414512747273,1.494527529506926,3.0,338.86540036989686,0.5537310856278933,0.0,0.0,80.25901159683218,0,0.343167628859677
user_00744,13.925366055069816,3.0060347351984618,1.0,342.61731455390645,0.4145094565799371,0.0,1.0,106.4678015685868,0,0.5390238916045943
user_00745,19.011280275708042,3.491171382232987,3.0,431.46046948895895,0.425788130274355,1.0,1.0,,1,0.3795222655422757
user_00746,37.98787698146764,2.885639061163516,1.0,637.4080165271124,0.7334963609702507,,1.0,69.970330576525,0,0.41927610057911874
user_00747,59.343956832874575,3.0859217164895205,3.0,220.1845359643242,0.5409727083093526,3.0,1.0,35.93412828874298,0,0.28407874667193983
user_00748,9.271340537122475,1.0,1.0,505.61424729989545,0.28144095733901026,0.0,0.0,,1,0.7681625403193603
user_00749,16.344291228157086,2.575286903422974,0.0,599.2203454249376,0.7884633490757462,0.0,0.0,,1,0.355101763531071
user_00750,14.372959283266633,1.1352098296306463,1.0,536.6895384675115,0.372378342850388,2.0,0.0,100.04705253308762,0,0.7117193668711856
user_00751,36.838990786494755,3.9595300503731328,0.0,224.51948674630438,0.35620727532819285,2.0,0.0,45.840404603280724,0,0.25576875948125827
user_00752,31.6515957384017,4.493020598514897,0.0,208.05776882267443,0.5531354907468502,1.0,0.0,176.53517378267094,0,0.239553163506023
user_00753,27.197863431334127,,3.0,9875.464439953745,0.5705390497321262,1.0,1.0,,1,0.2741134755177946
user_00754,40.928355528002506,1.2601207078334398,1.0,378.94102942099295,0.6223152378694821,1.0,1.0,40.32922822400299,0,0.17795736754322083
user_00755,16.340253598749534,2.301413607693253,0.0,290.99807453713424,0.5908392945363802,0.0,1.0,,1,0.28258339011553363
user_00756,16.506038230535495,1.0,1.0,636.06712019836,0.5512737260845344,0.0,1.0,139.59525901471017,0,0.6654383390782489
user_00757,27.483263719222986,5.115405867092664,1.0,623.0452358347283,,0.0,1.0,54.9032170435208,0,0.342766150164374
user_00758,6.946957599622845,69.92279522828134,2.0,372.171980641843,0.1754494338592799,0.0,0.0,,1,0.8418454864577093
user_00759,33.77836187753638,2.836835317394057,3.0,193.26500859640782,0.7759730276055614,0.0,1.0,158.75149507291658,0,0.11048593213083667
user_00760,26.121589911732244,2.371780942817938,1.0,403.89049117794343,0.5882317791754766,2.0,1.0,22.575547836165175,0,0.32092689792970525
user_00761,16.72554575516439,3.197878040025824,5.0,330.87982730865735,0.36611793205267934,0.0,0.0,174.81222618028406,0,0.33266956850574386
user_00762,11.327913545594448,,1.0,773.3166674640373,0.37971653892785817,0.0,1.0,44.35336207759302,0,0.44334445845477344
user_00763,25.920600218917386,2.8869772024202383,2.0,655.4737797762841,0.30635270951162685,0.0,1.0,43.21674884549698,0,0.4371589497512161
user_00764,30.661735306710803,9.806106374583466,3.0,214.898905138096,0.719814138657811,1.0,1.0,21.525692634075252,0,0.14020986793598172
user_00765,43.47828775949569,1.786781989108917,0.0,830.3449584984802,0.5032549711099322,0.0,1.0,,1,0.4703791918008534
user_00766,11.818418272961221,2.372622840403242,1.0,286.41298536414456,0.482270121400964,2.0,0.0,61.64003822135758,0,0.3135643606469249
user_00767,18.599997124420337,1.3385680277688503,1.0,1056.7826792645546,0.2659391086317012,2.0,0.0,108.29017103640015,0,0.6115538341017094
user_00768,16.830125574162548,1.386834983413669,1.0,439.1010982075178,0.41592341160309215,0.0,0.0,,1,0.8053239216936402
user_00769,17.665162222673974,2.9217808672779757,0.0,282.43483365318093,0.6107593795008902,1.0,,,1,0.253133579187052
user_00770,24.16039173676871,1.3698002259460913,3.0,360.9869297905403,0.2800188974769461,0.0,1.0,205.42686481189622,0,0.6491655660081873
user_00771,16.210477574496466,6.082271844264479,3.0,285.2594335083142,0.6112090187542754,0.0,,,1,0.23301007204316096
user_00772,18.809051362749923,2.4581047229477746,1.0,347.96395941464306,0.5592732832336329,1.0,1.0,,1,0.27474193058152385
user_00773,74.34867970198587,,3.0,447.09075507873433,0.455622725074182,1.0,0.0,95.93374318563393,0,0.301152204549518
user_00774,25.886610772676708,2.9476546402045303,1.0,1171.7224013468174,0.4083480455595662,0.0,1.0,,1,0.5770495466888337
user_00775,,1.0,1.0,401.4524041745044,0.7378664026290553,1.0,1.0,,1,0.17427106949326848
user_00776,15.287711869939807,1.0814215405011935,4.0,601.4270908185571,0.5769814465841409,2.0,0.0,,1,0.4582672734488316
user_00777,21.779348223785213,69.28893961695556,2.0,293.1261568241179,0.331326692089307,2.0,0.0,,1,0.41350816434398846
user_00778,20.732278401344697,3.684432688931909,1.0,678.7040155491512,0.3426610045126194,0.0,1.0,,1,0.6453987106718163
user_00779,554.9526001354023,,1.0,405.9257750444915,,0.0,1.0,145.98326383655777,0,0.3823613959808488
user_00780,7.851202633816668,1.0,1.0,409.8272353783458,0.30439042080323747,1.0,1.0,,1,0.5948112571998606
user_00781,12.54040833218207,,2.0,347.0950407206534,0.44713940122233825,,0.0,,1,0.6231176187365335
user_00782,14.489015348068646,1.7143152819231333,5.0,343.8661721159819,0.46939157268904147,0.0,0.0,,1,0.609470413396008
user_00783,21.088376756117043,1.650780590670304,0.0,732.0922811105579,0.3301138447361739,1.0,0.0,,1,0.7151793191512107
user_00784,33.42154584283611,7.439412942418003,3.0,203.41488171240513,0.49593423825984306,1.0,1.0,27.699198695886736,0,0.08225779877183398
user_00785,,5.344827645841963,1.0,834.6552399171522,0.6956160442868262,0.0,0.0,84.90534834016762,0,0.2497250172079313
user_00786,16.689641590815143,3.5695970016220415,2.0,550.4669300302029,0.7982061205301793,0.0,1.0,73.94618883236956,0,0.2619730577806368
user_00787,27.954058054249522,2.649703141702478,3.0,588.1258203933801,0.65059067901383,2.0,1.0,,1,0.27612442950570193
user_00788,19.583056323362776,3.178461230961684,1.0,584.3330144826925,,0.0,0.0,26.41436680635985,0,0.4535033156786605
user_00789,36.255846065739306,1.05464202347718,5.0,424.52950289750953,0.6792495701771173,0.0,1.0,49.439117577253505,0,0.20477225455804446
user_00790,11.751636939828435,1.0,2.0,813.5866864072499,0.33757522003253343,0.0,1.0,,1,0.7202628892363191
user_00791,19.137391203512422,1.759667579659968,2.0,348.0116293804373,0.43042294788611424,1.0,0.0,,1,0.41993200318589763
user_00792,11.47944612347443,83.35814220559203,3.0,831.8976719829806,0.329007012529845,0.0,1.0,,1,0.6014060851622612
user_00793,,4.104721728061378,1.0,255.90791169632172,0.5647341224722846,0.0,1.0,,1,0.35643454269349933
user_00794,43.35462002919613,1.4862038216751423,0.0,361.7366386342381,0.3317149167594882,0.0,0.0,,1,0.5480960260032913
user_00795,20.372910725868724,1.4036808956655455,0.0,230.8314817020724,0.37157604176623404,0.0,0.0,118.9173821062456,0,0.5484813281373111
user_00796,14.022138123974718,,2.0,711.3121886379561,0.25340118178182075,2.0,0.0,,1,0.6558871396051
user_00797,6.7909987361048,1.1059879376215527,3.0,508.3718315865234,0.5317298727291092,1.0,1.0,32.66013414041835,0,0.6288431341686839
user_00798,26.037278415459326,1.4283768347173131,1.0,494.91652613602093,0.3120806394109696,0.0,1.0,157.23967449260496,0,0.5024996746652682
user_00799,11.397611470520554,,0.0,576.2289237557856,0.33180329844922996,0.0,0.0,,1,0.7624768229185775
user_00800,120.0,1.3761618646080722,2.0,814.1868745659442,0.38878892324742637,1.0,0.0,,1,0.45419965080857533
user_00801,31.470727152129015,4.169220302827273,2.0,286.1027397412474,0.6991120775918636,1.0,0.0,42.75393033943544,0,0.17640642116470295
user_00802,23.511450762967964,1.0,1.0,398.2980459354594,0.5373274810622414,2.0,0.0,146.8650261447916,0,0.408457419391008
user_00803,16.773147867038183,1.8697716868819463,2.0,205.77727412984228,0.6478525903766421,,1.0,54.76597792566387,0,0.11183939762311157
user_00804,33.88655469670404,1.6973129023706333,2.0,793.8389585297876,0.49038641812006195,1.0,0.0,,1,0.41617383459308194
user_00805,12.20393181391982,2.0252437537277626,0.0,775.176941901544,0.3999924500297204,2.0,0.0,230.24695995709578,0,0.7463216901982954
user_00806,44.581572252962786,2.1267346137267142,1.0,,0.5899358901162148,1.0,1.0,,1,0.14096447767103304
user_00807,33.07101250835125,5.231186348989985,4.0,164.4694714972521,0.47153070340825265,1.0,1.0,33.97283181677073,0,0.1982124529907841
user_00808,25.3175947814118,1.0,2.0,610.5700944336373,0.43044465814382993,1.0,1.0,,1,0.5336065342826681
user_00809,44.77329980160704,3.526917658014766,2.0,473.74280832501296,0.5746709730114149,1.0,1.0,,1,0.2943765576629883
user_00810,15.411464964782008,1.0164069026929519,,151.25791852068485,0.5145652127659336,0.0,1.0,117.2142814650222,0,0.39611761034598153
user_00811,25.229705320840722,1.8779740049767906,5.0,103.40774389219045,0.4503278701363612,2.0,1.0,55.330911167118884,0,0.0878014796333364
user_00812,9.88722931298449,,0.0,703.5395501262353,0.14260176208974842,0.0,0.0,,1,0.7560537219987191
user_00813,25.35140117816512,5.2653500044800285,1.0,526.1101611010387,0.43519999107904894,0.0,1.0,41.373947910750495,0,0.4528699868705241
user_00814,36.88027288129016,2.669320810403518,2.0,477.59194684744216,0.567866385452332,0.0,0.0,74.7996036915895,0,0.272678136739557
user_00815,20.273819959252172,5.029354581607587,3.0,697.0861929164857,0.51431624489839,0.0,1.0,28.565798640623253,0,0.346386625022969
user_00816,8.32535260115406,1.0,2.0,536.9841199357685,0.21477219894921268,0.0,0.0,,1,0.6589056596646163
user_00817,16.349603759445227,2.042533092468068,2.0,530.6667806853842,0.5922329504502336,2.0,,71.70832379126807,0,0.33868011777768137
user_00818,,1.2653562633322395,3.0,368.5819703885387,0.5652769460190893,0.0,1.0,,1,0.46253626252063473
user_00819,16.834148083155927,2.7976386022542736,2.0,256.21330720849477,,2.0,1.0,111.55596902354732,0,0.23714755801709203
user_00820,44.06513026232826,1.5169722262365801,3.0,353.9341589039083,0.543633570047588,3.0,1.0,80.37714331089286,0,0.4731997190796415
user_00821,24.946220209448256,4.815385066503569,2.0,408.0750043302985,0.5907587684673045,1.0,1.0,,1,0.5365617646260278
user_00822,15.269894863213555,,2.0,505.5892963860811,0.5107616830555237,1.0,0.0,74.18936197719563,0,0.434130700680299
user_00823,28.579971675252988,1.0191034100649323,0.0,264.42393047556993,0.5074227821951012,0.0,0.0,,1,0.22765821764463418
user_00824,22.402197533873387,1.7135438297167418,0.0,359.7446529162086,0.25359435132828595,0.0,0.0,188.82323169078634,0,0.6769235139440958
user_00825,11.464588304107595,1.0,1.0,1175.0825719865854,0.5076875230647518,,0.0,71.84737153156216,0,0.7454219107976615
user_00826,40.24201517575727,1.3943498809358006,0.0,295.76744746837494,,0.0,1.0,,1,0.5056801474503307
user_00827,70.94924525339289,3.326967256829019,2.0,338.1624278954988,0.7227497905324446,2.0,1.0,54.63904870068357,0,0.15999459308940042
user_00828,13.810064307851203,1.4404779899423041,1.0,141.5327934225481,0.44274815575831156,,,,1,0.17841673662611293
user_00829,11.664272429551012,5.455736195902732,4.0,496.1904254489078,0.5720167196376388,0.0,0.0,,1,0.34491458580216755
user_00830,16.395403411705583,2.2469449910483816,0.0,361.9759168230602,0.4910078152665692,1.0,0.0,,1,0.5170485327689373
user_00831,18.580339143778758,2.044445993764361,4.0,188.79619383994722,0.6761377835809258,0.0,1.0,20.44880667132235,0,0.13678465984728225
user_00832,61.29715201129103,2.922762772489712,1.0,696.8818164533501,0.7002903683808379,2.0,0.0,,1,0.4152820110834397
user_00833,33.0546358117145,2.079964894913683,6.0,290.24207932766694,0.8436690190337839,0.0,1.0,25.901084276354997,0,0.02667049724955021
user_00834,,1.7647730821588217,2.0,475.5711336722859,0.5211091987390009,1.0,1.0,315.95729645312593,0,0.46238067850840764
user_00835,17.23830369540039,2.326732556893599,2.0,376.97237864013766,0.27315737732816514,0.0,0.0,45.83407424236562,0,0.4767457447752059
user_00836,29.39687350669876,1.0,2.0,336.24544701595073,,0.0,0.0,,1,0.5378267397873098
user_00837,,2.2422679027357657,2.0,324.22341084229623,0.43704361362322164,2.0,0.0,,1,0.45330603576727113
user_00838,11.60930549868062,,2.0,610.5584905001214,0.32295128797893125,2.0,0.0,,1,0.54818003561879
user_00839,101.17043825404566,1.0014401797798225,2.0,644.4212490169364,0.3510082446089174,2.0,1.0,,1,0.5010310053992278
user_00840,668.2039808726855,2.6615696559148754,3.0,382.09906953366044,0.8649216280972054,2.0,1.0,34.69739282370935,0,0.10816291988465418
user_00841,34.36995634465207,3.15472602387358,2.0,390.1063033966487,0.5140592924655727,0.0,1.0,66.79441936404274,0,0.2883681709200253
user_00842,53.796165399446195,4.274527027383168,2.0,203.22950095608203,0.695531570151232,1.0,0.0,35.931970972215844,0,0.1408251921853104
user_00843,20.23641119841893,1.6646640189437516,2.0,329.1166135309421,0.4010985870200476,0.0,1.0,81.5402832641545,0,0.5715516317267634
user_00844,42.87175310836471,1.1758312021716384,1.0,281.6213641605003,0.41814786052098635,0.0,0.0,,1,0.34762517785557556
user_00845,33.18861475687289,1.7114462289142371,1.0,283.97081645227985,0.6993690743975653,1.0,1.0,30.658697640751615,0,0.0940118573984457
user_00846,16.52142955789878,2.73017999503821,0.0,526.0543319971599,,0.0,1.0,,1,0.5793114015194963
user_00847,25.074529454980194,5.259966306045044,4.0,334.55718775272027,0.8267727653253668,1.0,1.0,47.400070171490896,0,0.11487684201962511
user_00848,41.952283019105785,2.0719723714036142,1.0,1201.1956312181458,0.3072750636055118,0.0,1.0,89.91485126272109,0,0.5344161306800521
user_00849,29.760688673077237,2.122921210024655,2.0,309.08140479158817,0.3369747819876105,0.0,1.0,,1,0.4626566561330194
user_00850,20.52012979842301,4.069637405852809,2.0,,0.6289311073202133,0.0,,22.862163630996022,0,0.32972071995384417
user_00851,6.374342326872676,1.0,0.0,1540.0674852413613,0.043916209886816576,0.0,0.0,,1,0.9445032676003494
user_00852,17.399086180927174,2.2455263902850935,3.0,340.1988853491359,0.6356940936335156,1.0,0.0,71.68057064686798,0,0.44949658057780856
user_00853,21.08750710152245,1.5516806607726434,1.0,561.1065056717495,0.3583428856268643,0.0,0.0,109.30577542674735,0,0.5258210834032493
user_00854,45.89517683881968,7.62314799778444,1.0,236.14464967940899,0.6012072584450857,1.0,1.0,72.51185427522543,0,0.2332607447453763
user_00855,26.652131160428123,1.8350549418226567,1.0,584.3710682739803,,0.0,1.0,33.81260133880571,0,0.4604017365392326
user_00856,20.15974683583983,1.0,0.0,164.4411123851951,0.27257019429561946,1.0,0.0,142.070122104923,0,0.4803503356759254
user_00857,17.77212702066088,1.4283610764861827,1.0,458.4628474756181,0.4539878712861561,1.0,,,1,0.4414377100285757
user_00858,51.41701241971808,1.9330768435482872,4.0,213.4672924712673,0.6599778343142851,0.0,0.0,60.1028621505518,0,0.10693345729819721
user_00859,31.997822564700968,1.0,2.0,563.4926106824893,0.4330838692209305,1.0,,129.51023816270958,0,0.6263677638441256
user_00860,27.34770748190851,1.7826740552576972,3.0,536.833477167726,0.6689766349848625,2.0,1.0,69.63456897654653,0,0.20024392995713822
user_00861,22.71436189850877,1.5035013091577347,2.0,441.9262134275699,0.7875966126144992,0.0,0.0,40.47906893499654,0,0.30668429511379225
user_00862,42.11165333152893,2.4948263323597404,3.0,348.90964963554524,0.6652887260746047,1.0,1.0,66.47200483848712,0,0.18104320830346052
user_00863,6.368576805198897,3.1088271816835955,1.0,753.806903238778,0.4798784752600201,1.0,1.0,61.38075298818385,0,0.5121812003604319
user_00864,22.425928698651564,1.0,1.0,450.60229795704794,0.3793092524295271,1.0,0.0,,1,0.5517022439821337
user_00865,,1.582645800370572,2.0,219.42622514986348,0.39587696413642093,0.0,0.0,,1,0.30336707198256607
user_00866,32.58973871354587,8.271245978951631,4.0,566.2547000769882,0.42069458568378615,3.0,0.0,18.20728771609726,0,0.17246568088552688
user_00867,10.030648963784962,1.8593487879287165,1.0,672.900337199998,0.5878921921268795,0.0,0.0,40.47270434585364,0,0.4133777665919892
user_00868,26.65876406430403,2.8890522548764603,2.0,427.6697713653975,0.6646626870609661,1.0,0.0,50.54674378582658,0,0.17753373876306228
user_00869,22.56877690114237,,0.0,243.1328268196315,,0.0,0.0,,1,0.4534590974242269
user_00870,85.37681959778108,6.278973662576024,2.0,216.39306819471213,0.5271325653226322,0.0,0.0,,1,0.20239389304765354
user_00871,,3.0322754160369,,227.84915403000622,0.5005510558857336,0.0,1.0,140.03475925396037,0,0.3007125197517946
user_00872,9.48905557138363,1.0,2.0,489.2458416480066,0.21891745096893053,0.0,,,1,0.8846966860004394
user_00873,20.59210877774521,1.7090848281554247,0.0,522.2082475765585,0.5803061631327815,,1.0,,1,0.30724022961659037
user_00874,14.601210007615386,1.5445029487412727,2.0,765.2726522465362,0.2811917351000255,0.0,0.0,,1,0.6937284761950294
user_00875,19.135988029012623,3.069410031442675,5.0,516.7592369593854,0.5044349305228044,0.0,1.0,46.10276543565913,0,0.49301397254954166
user_00876,15.132239871114221,1.1960345523991307,1.0,325.4965723016798,0.40770535537025643,1.0,0.0,,1,0.3876727750356194
user_00877,32.95349487714541,3.548606133250855,1.0,963.3487324872957,0.6974743806406188,2.0,1.0,277.6098109540082,0,0.2992445101516244
user_00878,15.67581482797353,1.6008657192079803,1.0,534.1707369476508,0.20702086453576432,0.0,1.0,,1,0.7452000291448333
user_00879,14.066903090845742,2.063005986483987,4.0,616.8427844449196,0.40758879015764454,0.0,1.0,,1,0.5174293806220279
user_00880,,1.0872138749289644,1.0,293.2652776540134,0.42217009504746267,0.0,1.0,,1,0.5344702079281984
user_00881,18.99305597726235,3.1785412162475155,2.0,831.8164976058457,0.4100372043671691,1.0,1.0,,1,0.6010327794538762
user_00882,11.577162203854877,1.270474180905443,3.0,876.4311379461249,0.627885800537505,1.0,,78.7307168284786,0,0.4004749175795141
user_00883,17.02958978661668,,1.0,520.8574644387788,0.2380445623376443,0.0,0.0,96.74433097492341,0,0.6300283797424514
user_00884,18.722149577581444,2.5944126869234907,3.0,515.9676758539463,0.3765646938531065,,0.0,99.46627116377451,0,0.43947463163357964
user_00885,,2.1328561667403156,1.0,413.9742671828826,0.4771230869033374,0.0,0.0,,1,0.4920886558907678
user_00886,33.248447873659266,1.0,0.0,555.7383669723542,0.1551622655933727,0.0,0.0,,1,0.7134542585949648
user_00887,19.176841664659133,1.0,0.0,582.24061187206,0.23709352239750867,0.0,0.0,,1,0.8163701664771447
user_00888,34.650217712362185,1.0,2.0,515.600938974531,0.42222858588714174,1.0,0.0,,1,0.31077038145785474
user_00889,26.454420499718125,1.0873076982128522,0.0,638.0067992746268,0.4208405760107199,1.0,1.0,,1,0.49322926524273436
user_00890,17.891303625833697,1.0,3.0,377.4391407680798,0.7176051089563836,3.0,,62.81533736694443,0,0.3297739113802635
user_00891,17.83182951538602,1.7312971106871424,1.0,183.19591018312255,0.5082187531868856,0.0,1.0,57.0380451130056,0,0.5174166621048242
user_00892,28.874915147679566,1.0,0.0,755.801841306485,0.40800198947277316,0.0,0.0,46.113116863782494,0,0.4265862429695643
user_00893,15.436226176216554,1.9752966237439875,0.0,262.659067627145,0.323294061586089,,1.0,,1,0.35275359000454237
user_00894,70.17674223128897,1.498318108555048,1.0,,0.49570508373858213,0.0,1.0,81.16706754467909,0,0.38143373913319273
user_00895,23.537068373018705,1.4763072010443021,1.0,585.6550397435707,0.31085400131947066,1.0,0.0,,1,0.6111693956458814
user_00896,66.3754948659471,1.821956085486774,4.0,365.7323763723854,0.6130273686519895,2.0,1.0,70.65277316082097,0,0.26589887364029574
user_00897,15.33627459611189,2.5012784573069604,3.0,,0.5383931793532739,3.0,0.0,,1,0.4532315227215427
user_00898,19.051463501411618,2.419326434658597,3.0,839.4128958723826,0.41875524750227644,0.0,0.0,95.17101519649842,0,0.45300345958148464
user_00899,8.477267183065516,1.0,2.0,799.7997900456173,0.046230176167224885,0.0,0.0,,1,0.8487321081052901
user_00900,40.525768975511376,1.1701480973960563,0.0,1088.379261235587,0.35067665036873624,1.0,1.0,,1,0.5930693580189631
user_00901,8.667736014851638,1.0,0.0,365.38830525500674,0.10798996199168605,1.0,1.0,143.60170953119976,0,0.6946372083731651
user_00902,20.564331555432926,1.0,3.0,1166.7881207461676,0.40700182297537674,0.0,0.0,,1,0.5986398168980912
user_00903,105.21311888592794,2.069561128827886,,145.23156708673764,,1.0,1.0,15.815978538573797,0,0.15491936248449165
user_00904,19.381640150800692,1.8811925159832126,5.0,235.21463852408147,0.7568007941553563,0.0,1.0,86.96318307645973,0,0.1502113499927071
user_00905,33.533749058405625,1.467367285130989,3.0,422.5351973836412,0.1966167603573327,0.0,0.0,,1,0.56826803960735
user_00906,,4.0286661590211486,2.0,206.79132949072513,0.6939604701733797,1.0,1.0,98.28082239725236,0,0.15954574203457303
user_00907,35.49452770390488,3.918530239888002,3.0,158.46677845925643,0.48217584930670193,0.0,1.0,21.743846458878025,0,0.11510976824780322
user_00908,38.34528406103324,3.529840131740605,1.0,260.7234420411329,0.769677750502529,4.0,1.0,35.44013248489617,0,0.16802468032658627
user_00909,42.159207525722834,1.967142211407157,2.0,922.4737359899915,0.4152189291491406,1.0,1.0,54.97168162112217,0,0.5119978751011343
user_00910,,2.61590228422093,2.0,510.9444226915045,0.6228966695757305,1.0,0.0,112.14009239977531,0,0.5408942920304582
user_00911,12.662034629787312,1.0,1.0,585.3367631183222,0.3621380313684317,0.0,0.0,92.44795119456084,0,0.5891158790463487
user_00912,14.948385015031029,1.954011720596138,2.0,391.00371285456464,0.7241706044366512,1.0,1.0,31.788859532750497,0,0.143315685907681
user_00913,16.35296100044533,1.3138682118465748,4.0,490.9389311526179,0.30766798404330925,0.0,0.0,,1,0.6460433503115752
user_00914,,1.0,0.0,657.9488972724837,0.4555360589196617,1.0,1.0,76.0692007034031,0,0.4256069686391488
user_00915,23.11616995791441,2.0861205206299807,1.0,436.8675502529323,0.4022458243403252,0.0,1.0,,1,0.2883820349532177
user_00916,23.29807441686432,4.456521549478981,3.0,179.24265766560958,0.8189004347890743,1.0,0.0,121.43168501570136,0,0.1864743464347163
user_00917,15.911902108888055,1.1917433983147796,3.0,674.883343798579,0.6225870179075528,1.0,0.0,54.14224059328884,0,0.39847960563072204
user_00918,19.342715967048775,3.131869560471922,1.0,758.5114181297013,0.4505603747783455,2.0,1.0,70.82082737597666,0,0.3600555735763566
user_00919,3.701965408538542,102.14549209034709,2.0,467.10897243906464,0.1660238798113566,0.0,0.0,,1,0.6207360491818152
user_00920,41.06644480593725,,1.0,490.6514826439534,0.7233649352660249,0.0,1.0,46.291005896607096,0,0.32318179600265734
user_00921,7.874475475249411,1.6895848556380508,1.0,469.40646810099247,0.30304407094441344,0.0,0.0,,1,0.656587924966892
user_00922,22.814168335090912,1.7838718228098074,1.0,291.4589123863653,0.6647618201972644,0.0,1.0,91.30364593632885,0,0.18530033407028637
user_00923,16.97108762991601,2.329067081644548,2.0,11531.11132735732,0.33173217260870463,1.0,0.0,62.717949824103606,0,0.5098402849959326
user_00924,,,1.0,1211.6690185760226,0.49091026869677135,1.0,,,1,0.47979572204647286
user_00925,23.522938240243146,1.4344195188673132,0.0,414.3531841353847,0.6390732828201965,2.0,0.0,,1,0.37811061249972605
user_00926,52.29206659823568,1.9328338945729078,4.0,230.1034086238623,0.64856069916725,,1.0,72.5249894747318,0,0.1548898850655313
user_00927,32.984578350447116,2.522850682382337,1.0,223.73109450729282,0.3828317009193091,1.0,0.0,52.22803002749718,0,0.2405889290046757
user_00928,49.1177122227742,1.1544818423626548,0.0,535.3982476228372,0.14632532468241852,0.0,1.0,75.57976175022365,0,0.5299148749202405
user_00929,9.816006635792727,,1.0,577.0349018719778,0.5163411449166869,1.0,0.0,,1,0.39345594843019116
user_00930,26.383178999897478,2.7993503742912513,4.0,,0.7276312649835837,2.0,1.0,104.04896763481757,0,0.20522203621341464
user_00931,66.35340428285957,5.2731907804849705,3.0,153.98301420917358,0.6578871723156088,0.0,0.0,,1,0.20078519624943586
user_00932,26.378647396992054,5.4536596203314245,3.0,184.64922701385163,0.7243336469956786,,1.0,52.11111591717971,0,0.06326979190547306
user_00933,38.28729182752005,1.083683900956834,5.0,288.36174304879387,0.31156897064445044,0.0,0.0,110.86337321186708,0,0.5509610745880765
user_00934,41.69707069789778,1.7991876332833319,0.0,297.22895483800744,0.34580554921532697,1.0,0.0,38.740295691558146,0,0.7009164860979799
user_00935,8.89970582605167,1.9208892467686538,0.0,10006.677879592564,0.34300463788427077,1.0,0.0,104.3173364550017,0,0.5154375373045704
user_00936,,2.9823480382803127,1.0,620.291699425814,0.3492054061444721,2.0,1.0,101.45495662342212,0,0.4524762547398178
user_00937,8.78781243504363,2.1121801972918868,5.0,193.99511384295494,0.5872961100144293,2.0,0.0,56.244759048434,0,0.07631072842873028
user_00938,108.9052644270949,,2.0,420.8417202579225,0.25143583427765887,1.0,0.0,127.18277279293166,0,0.5526155058190124
user_00939,120.0,10.70358191693713,0.0,259.89092199523225,0.654513654419975,1.0,1.0,105.6120756601554,0,0.27722644098639027
user_00940,7.199544423310668,1.0,1.0,358.68187467085,0.4451688823364422,0.0,0.0,104.84680526143556,0,0.6343026428048149
user_00941,37.87500428027861,2.7910170384622655,2.0,545.3570587804556,0.4351209492720405,0.0,,64.99923483626172,0,0.4357915250921251
user_00942,40.223443394893195,4.0138468804162155,5.0,320.65076818407766,0.5374112625670053,1.0,1.0,15.523631387659668,0,0.10962249604397778
user_00943,8.3300550135656,1.0,0.0,634.7851614624719,0.37024349187989275,0.0,0.0,,1,0.721505117105309
user_00944,12.831092304336389,6.699177154216899,4.0,450.21780325802104,0.5430230169421668,3.0,0.0,60.56845143719204,0,0.27565557814919117
user_00945,27.375040462519518,1.8687185071805712,4.0,277.6886520587277,0.5487902783207202,2.0,1.0,,1,0.3728767190766725
user_00946,25.082401800666762,1.9613422218043124,3.0,281.84355464006524,0.718858928557131,1.0,1.0,42.068815113781184,0,0.19768288487402064
user_00947,,1.4249576639755401,0.0,632.7442192390223,0.4065958349374862,0.0,0.0,,1,0.756521268679105
user_00948,20.394784794072812,2.9360684501754917,4.0,923.5366022645024,0.43361308121866765,0.0,0.0,54.58695579382758,0,0.2664161112556408
user_00949,16.147646244135714,2.7950523212729053,3.0,370.47148722876136,0.4838670165464121,0.0,0.0,45.301795706139174,0,0.2259258197090678
user_00950,27.949728444811033,1.0,1.0,638.3948128443932,0.35530494280450836,0.0,1.0,90.66825633544927,0,0.5713875184846465
user_00951,32.32560878555058,105.28928972286855,2.0,491.3875706175529,0.3517865153685457,0.0,1.0,,1,0.6077750364567658
user_00952,8.91575960087116,1.7657992913151122,0.0,7646.73278260897,0.352082385569402,0.0,0.0,140.30873317027604,0,0.7711703770946052
user_00953,12.357255771925113,1.024229285338639,0.0,624.5724249240457,0.24019969563112392,1.0,0.0,,1,0.6735854379945019
user_00954,27.966100934944226,2.313115302047446,1.0,268.72622348020457,0.41919414079474426,2.0,0.0,22.992043624877326,0,0.18200217860051923
user_00955,31.618391263136637,3.794607957788273,1.0,317.27230793048125,0.6140093112664666,2.0,1.0,47.038049069551924,0,0.12173484075649584
user_00956,30.801668333220825,1.4495716464090904,1.0,741.89446661308,0.705400402385614,0.0,0.0,,1,0.42628947340876666
user_00957,,3.449439434863068,4.0,187.96933726025566,0.7748156848652694,1.0,1.0,66.19224868027827,0,0.05744698374066134
user_00958,12.989151287099203,1.6635619400266963,0.0,524.8028663624536,0.31991160589101425,1.0,0.0,,1,0.6284135740145157
user_00959,19.446417668773922,2.4806897904849303,0.0,653.5928842714179,0.7584136918894484,1.0,1.0,229.2021535276103,0,0.20201967799430418
user_00960,28.580348962774554,2.060926824431452,1.0,338.29989513418724,0.4478833591134192,0.0,1.0,21.668095564593266,0,0.5031420448760223
user_00961,,2.667730650228065,6.0,670.7287124744171,0.25921688626940836,0.0,1.0,30.01881666788014,0,0.29101832873557043
user_00962,,3.0627353787924725,5.0,555.437772601561,0.5280131024140895,0.0,1.0,45.03428793233651,0,0.28767353988841143
user_00963,16.324050442997137,1.0,4.0,298.113172093346,0.2920805494063527,0.0,0.0,88.28831771048738,0,0.6016336692794015
user_00964,11.282312822164185,1.6546603841587015,0.0,,0.42676752981752863,1.0,1.0,56.478125239005024,0,0.06344861736219214
user_00965,56.68036628942277,2.6634693448935076,1.0,241.53757066378338,0.3278164907811618,2.0,0.0,100.12502789549212,0,0.29316583958758863
user_00966,,1.0,1.0,578.944137184905,0.2001930278850478,0.0,0.0,,1,0.8213526193913946
user_00967,13.807662029063492,1.424565107531598,,237.21196317594936,0.4059558889175998,0.0,1.0,223.62796574228943,0,0.3567551070455635
user_00968,23.735944361164204,2.0120008538057297,4.0,293.4544664461221,0.4955787458800581,1.0,0.0,,1,0.2057085006815129
user_00969,41.4509945646785,2.622352688362201,0.0,443.83962297688447,0.41696400209972784,1.0,1.0,,1,0.4865587382082001
user_00970,,1.9258889213414812,2.0,434.833276678586,0.5055783958643977,0.0,1.0,,1,0.6617675433155435
user_00971,6.190297693907156,1.0345910275671764,0.0,837.8578413755794,0.2525988197400538,0.0,0.0,,1,0.7648890948416717
user_00972,17.63851052729498,1.0407486412975333,0.0,565.8164321147095,0.6852908643371312,1.0,0.0,94.06004667464839,0,0.3118735372779173
user_00973,15.165760315353015,2.01359593332479,2.0,218.27005887352254,0.45227894979798694,1.0,0.0,24.46037708294222,0,0.38801356886958077
user_00974,13.456954330375524,3.113760033133431,1.0,255.60491619346666,0.5159125387634592,0.0,0.0,,1,0.2858840937047171
user_00975,24.69396591355297,7.337683811536721,2.0,422.7262802681362,0.5229140395540938,,0.0,15.318642114846563,0,0.22591922562196268
user_00976,22.15274027152055,59.83501781385966,4.0,639.1769684684695,0.6542948846656804,,1.0,100.578436064391,0,0.20262131074577977
user_00977,14.558474436226883,1.9402583517699439,1.0,240.5058818307916,0.4494292889788012,0.0,1.0,,1,0.4112783145881136
user_00978,8.99043342803372,1.4168025215980542,2.0,773.6617639255305,0.2955429151965931,0.0,0.0,,1,0.6233282435434148
user_00979,44.44096618738184,,1.0,305.443684786784,0.4495966295690713,,0.0,,1,0.5262297607892998
user_00980,61.95367739281359,1.648325714353848,3.0,592.3530129143555,0.59711954657032,1.0,0.0,32.812445301656105,0,0.25561943448159796
user_00981,51.4738655402987,2.131291129250285,1.0,391.10279090046043,0.5087994322606777,0.0,,29.84777924854454,0,0.3170990853741987
user_00982,21.9854915431872,,2.0,275.26401232893875,0.7184542941885655,1.0,0.0,33.68983497551573,0,0.45509910520202024
user_00983,17.618454786026593,1.215066719007976,0.0,,0.29564053264223705,1.0,0.0,181.16606051292027,0,0.5865641096005003
user_00984,14.704124750050807,1.627363978026309,3.0,688.8856798985244,0.54345850563442,,0.0,,1,0.5987569271804948
user_00985,28.21034482611654,101.76383642535852,0.0,435.0717005064834,0.3964642851386562,0.0,1.0,109.12027611536415,0,0.5070903402270648
user_00986,19.014840181560977,77.25102167090607,0.0,872.5224403308129,0.22478709011696704,0.0,0.0,,1,0.812730457655348
user_00987,41.766445232313345,1.1657563476699402,3.0,502.1107799232654,0.5713444560627036,0.0,1.0,20.4988848064186,0,0.2503331652528378
user_00988,389.06703774965024,14.069041621384669,6.0,580.3424793671984,0.5565806227475697,2.0,1.0,9.25860627250179,0,0.17235415657621553
user_00989,5.893768298296869,1.8121076773035054,,569.6495324818212,0.5897265672036889,1.0,0.0,48.21694381139101,0,0.32957934008809514
user_00990,20.358656622515326,1.0,6.0,252.71688724124817,0.5861936757645481,1.0,1.0,152.999118928771,0,0.2807774717352788
user_00991,65.99971517292205,2.401531718502515,,236.68230566762333,0.7921930209454796,1.0,1.0,18.82948582054209,0,0.07477107743656564
user_00992,36.12254706808701,7.406293665380845,,799.7797975592182,0.2951497196765154,1.0,1.0,,1,0.4594020091165651
user_00993,25.39606880660699,1.0,0.0,753.0385801053598,0.3831372689973163,0.0,0.0,94.36081165385708,0,0.6513688496052442
user_00994,19.997989676254768,,1.0,304.1981558419818,0.7815286709479173,1.0,0.0,51.89562102659282,0,0.31297747780293883
user_00995,23.049930636608554,5.560678673649243,8.0,665.5374624798274,0.7252998421960162,0.0,1.0,42.08487268414723,0,0.3647862113923694
user_00996,4.854208994412773,1.0,2.0,,0.034180301646210075,0.0,1.0,,1,0.9035635921134845
user_00997,10.060189781356216,1.9010131397437355,0.0,188.03282955600096,0.46753138943948236,2.0,1.0,,1,0.20160943138120113
user_00998,23.059503330213122,,4.0,295.13850035013485,0.4325675713691843,0.0,0.0,,1,0.460847130281236
user_00999,50.96489899406801,3.3420066053789714,3.0,175.40970732197098,0.8091048077011102,1.0,1.0,33.91112449642809,0,0.10812201846725397
user_01000,63.03707467204899,6.2515836330346986,0.0,436.53386293541445,0.5697804659838526,1.0,1.0,59.961937472100644,0,0.2352515733580356
user_01001,9.853583117861499,1.8501613882142105,0.0,473.883578491113,0.5761038029039164,0.0,1.0,177.0451399297322,0,0.6214462261813976
user_01002,36.94323002719489,,,285.27795106833895,0.40233352737150535,0.0,0.0,31.542921419844326,0,0.3528516369549377
user_01003,23.674595987475364,1.0,2.0,861.9827874784188,0.33840283489903106,1.0,1.0,102.72503868163496,0,0.4784698741129105
user_01004,10.999666571910222,1.0,0.0,598.8616232964633,0.4569227699969603,0.0,0.0,97.30572371006467,0,0.6472431507676557
user_01005,591.024461943672,3.4959214778823124,7.0,532.1666687844607,0.5288367821171974,1.0,1.0,82.82205151599779,0,0.2788624052780325
user_01006,18.952565763326724,,3.0,384.7515946707452,0.17873700654431418,0.0,,,1,0.49259539733433205
user_01007,86.41156165414593,1.2255061497007684,4.0,238.78556326187143,0.44337427429238674,2.0,1.0,38.69519241032278,0,0.37233309517367585
user_01008,50.18733578136723,1.740364904759012,0.0,844.1666525327728,0.28782730880282453,1.0,1.0,110.80107564253188,0,0.43376717479294197
user_01009,84.87652032219614,3.016296493566884,1.0,274.7195353102078,0.49067582682882627,2.0,,50.257979933397834,0,0.21736604880553492
user_01010,52.34818462746381,1.061840725265407,1.0,458.2459047122702,0.7433979304827063,1.0,1.0,,1,0.24594860259662102
user_01011,11.47343426413788,3.1498870058534334,,377.7984748119129,0.1480246929157188,2.0,0.0,200.43314626710222,0,0.8656919848595497
user_01012,,2.6715049355076896,2.0,275.51053408075995,0.5041780091966799,0.0,1.0,98.51432349731327,0,0.34298407214354154
user_01013,13.926783177040729,4.036567310503716,2.0,394.0418257720248,0.5146338301532274,0.0,1.0,170.9942416309221,0,0.33221468100100404
user_01014,52.38511768628841,1.5445475335873207,1.0,,0.3733231270191372,,0.0,77.98246012543234,0,0.30025898730588896
user_01015,15.643103097167305,1.0,3.0,509.2177090414731,0.34348250251212914,0.0,0.0,,1,0.6730408225273853
user_01016,39.8052672569459,1.2858669590959184,,,0.530105154245718,1.0,0.0,63.55395086004336,0,0.5733622379604878
user_01017,34.29794821821771,1.0,0.0,372.4926827194107,0.3254471482958113,1.0,1.0,,1,0.6325555611880221
user_01018,29.566240444197277,2.9241672963851872,,,0.5201984181266154,1.0,0.0,157.3933498326649,0,0.5235342120888705
user_01019,43.12495369107917,1.0,2.0,,0.3485767413919687,0.0,0.0,167.39367847269844,0,0.6358562640405087
user_01020,26.7304742655093,1.6331071836256181,5.0,517.6588834863079,0.4608729162992741,1.0,1.0,85.85019799878555,0,0.4210646354225317
user_01021,36.95782172173676,2.2185431313371926,1.0,141.56616300308988,0.7346926753466946,1.0,0.0,72.88155288774647,0,0.19168042265996985
user_01022,19.15472191278724,1.0,3.0,283.5851028564217,0.4083599449842442,1.0,1.0,,1,0.4050897768027799
user_01023,,2.3597376420544687,0.0,703.4647685856194,0.22108290915356055,0.0,0.0,,1,0.6650889809275601
user_01024,32.40214912557827,3.6676052569172883,4.0,440.3906529056626,0.6979082652572373,1.0,1.0,36.840755923689215,0,0.1193897869123841
user_01025,29.39232768787314,1.0,0.0,302.4744913841879,0.1804041651819378,2.0,0.0,94.86365085806655,0,0.48931179253038437
user_01026,22.905361612349253,1.8449205995878395,3.0,269.2726748222167,0.8682973783777246,,1.0,30.43989740092333,0,0.050406853937628164
user_01027,22.069359558581418,1.0668880501366187,1.0,398.9553746077661,0.379605329189228,0.0,1.0,137.91829812919946,0,0.5073485037975419
user_01028,24.249468407599,1.0,4.0,478.6176872875709,0.45659671217516423,1.0,1.0,59.08428361417805,0,0.19821749595723423
user_01029,33.01970930993593,69.49215360338628,4.0,442.03579985844596,0.8384385858980256,1.0,1.0,40.59656801117131,0,0.09235312273542831
user_01030,54.80247114659417,1.5127925883586635,1.0,979.7431451406402,0.6608811915010888,1.0,1.0,,1,0.4408195939091873
user_01031,,1.4422237881597861,0.0,388.28284231322044,0.7456051493794454,2.0,0.0,112.10190357018433,0,0.3510259026191823
user_01032,23.024801692149936,1.9093823078978296,3.0,629.1649040523048,0.43523876075753987,1.0,1.0,77.35895855926657,0,0.27082231037244114
user_01033,393.5052488269829,1.1206520748042414,3.0,665.0799317269535,0.08956069652862814,0.0,1.0,,1,0.7098457302512121
user_01034,18.1472760415704,4.960417074457642,3.0,498.0376907502393,0.6049138422924133,0.0,1.0,30.02567480819506,0,0.17546341107570285
user_01035,15.354750330728306,1.0,2.0,986.8920965092434,0.41434381334067594,1.0,1.0,52.16472874267479,0,0.4070779199991172
user_01036,6.6441781371810595,,0.0,775.3679421325263,0.3706223000384872,,0.0,,1,0.8480051029424293
user_01037,6.905699758286213,2.20895041395659,2.0,740.0895002572297,0.46023399432933637,0.0,1.0,,1,0.5818913532436576
user_01038,29.445191707772896,2.123621215136001,2.0,292.626074051744,0.5533702736680155,1.0,1.0,85.52756887507623,0,0.22021176454608588
user_01039,16.82851691328107,1.1928631160877432,2.0,510.3561748280642,0.4590911269572912,0.0,0.0,,1,0.29456322419442377
user_01040,18.053744566560486,7.1274853553222,2.0,377.03964793308455,0.3497531114269771,0.0,1.0,,1,0.32904336858351524
user_01041,27.536156320336453,3.901753473723862,5.0,200.18074209491792,0.6596344108059466,2.0,1.0,43.83692893327539,0,0.2516892331494247
user_01042,468.89602913141084,,0.0,508.8976989366181,0.2753172841627523,0.0,1.0,,1,0.5950464901829686
user_01043,,1.348453365151152,2.0,296.14732208335903,0.5843472928740272,0.0,,17.41010653921972,0,0.05700084166877678
user_01044,14.689827333519283,2.4393808383954254,1.0,527.0484508276855,0.13080193594564202,,0.0,,1,0.6925350906311236
user_01045,20.51788815489544,1.3904223900272048,0.0,688.5519741520835,0.4202323708419471,1.0,0.0,139.6229310916125,0,0.6095958327495913
user_01046,62.244570009033616,1.3185290153876188,3.0,203.10533028227724,0.7746441381051534,1.0,1.0,,1,0.12335153377418029
user_01047,14.04403220411109,1.0735488229332648,2.0,236.0140684085845,0.41303812869204765,1.0,1.0,,1,0.2008775277125405
user_01048,49.03664433559898,1.178471780844566,4.0,6872.680948316342,0.8878163328120343,1.0,1.0,9.975687926130911,0,0.023120568414704817
user_01049,23.179075244423757,,5.0,204.65206692994303,0.4568232276700762,0.0,1.0,28.473144021590613,0,0.08863843681391394
user_01050,26.311541656878802,7.771729775701023,5.0,295.45898017300647,0.8564217080353259,2.0,1.0,72.9084624787607,0,0.15406331318586303
user_01051,53.4838220734801,3.2144294755336653,5.0,421.3071108814454,0.5279808347611926,1.0,1.0,102.26081036551571,0,0.299827213598003
user_01052,644.4268226163123,89.32424250328559,0.0,605.030095880451,0.7637024577413257,0.0,1.0,93.41097507953695,0,0.3560165887492088
user_01053,48.60849913751154,1.0,,470.2522791115472,,0.0,1.0,,1,0.5644476507900372
user_01054,12.669380738188984,,0.0,157.08051005803745,0.5520366348476954,1.0,1.0,61.59823227544011,0,0.31418064484189145
user_01055,17.325013711231065,1.4177922617783496,,590.8935475977054,0.36911472890203695,0.0,1.0,201.53631698803997,0,0.5652342350857923
user_01056,41.67716364968415,2.5223189362501697,1.0,320.4898936228513,0.8218004151762551,2.0,1.0,,1,0.13341292595048274
user_01057,50.31607846306828,1.4091124417366458,2.0,474.7199451437641,,1.0,1.0,,1,0.4993504958434442
user_01058,37.03212338140952,1.0,1.0,690.0306199979592,0.6260584013667847,0.0,1.0,64.75444279243146,0,0.36397766346939797
user_01059,16.5017701227758,2.497360238029975,2.0,382.8687095436906,0.3178283535394206,0.0,1.0,,1,0.401199579716648
user_01060,25.09292001019393,4.136009116594917,4.0,557.3653452325148,0.3937645400942484,1.0,0.0,,1,0.4748945100353938
user_01061,41.03583485866433,5.274034079109542,0.0,11661.280789818044,0.7036358150695624,0.0,1.0,33.39831244290226,0,0.38170370256791664
user_01062,18.859969450374287,1.5474480452141677,2.0,473.494146744909,0.5802254764029392,0.0,0.0,181.63034619895328,0,0.5729312210475637
user_01063,32.35541896804074,1.0,2.0,345.0210256779197,0.43119217065989845,0.0,1.0,,1,0.3341218080689571
user_01064,12.3118646092893,1.0,0.0,482.51016198114394,0.21209105983381696,0.0,1.0,,1,0.46181606534464453
user_01065,18.71452929016409,1.0,1.0,915.4588248625194,0.26942546648224774,1.0,0.0,47.239204012454486,0,0.5170971205465277
user_01066,18.357958231715127,2.230754265949311,2.0,390.3932598660109,0.3383707043084221,0.0,0.0,,1,0.6738063634505812
user_01067,8.005468981562421,1.6470402328427591,1.0,351.3985226682704,0.6319024372466209,1.0,1.0,34.46274262431971,0,0.20528355224077838
user_01068,20.274437371547677,,3.0,236.50897683119214,0.4052922097985458,0.0,1.0,,1,0.5824632280835648
user_01069,588.8177346554542,5.349250891688147,3.0,516.923811884675,0.2246830722461666,2.0,1.0,43.80277025319856,0,0.3212169876220769
user_01070,27.683207549437284,1.7097493487609081,4.0,387.27433703766843,0.6079734096214973,3.0,1.0,45.396899774990615,0,0.1245482033974191
user_01071,14.106160610133518,1.6065498313715885,2.0,10228.986559432115,0.7777446336503551,1.0,1.0,41.825247599346056,0,0.19644647295757137
user_01072,38.82543264520769,1.0,0.0,493.9093789036182,0.6998897338615965,2.0,1.0,30.851144579360817,0,0.24649743757563097
user_01073,25.2536230397495,1.0,0.0,636.7375529706663,0.11098298241159987,0.0,0.0,63.54132241254886,0,0.6598500477907949
user_01074,14.538605075641861,1.0,3.0,924.2978693653762,0.4628666779000586,0.0,1.0,153.3183285707888,0,0.7087501797630551
user_01075,24.555556513554503,1.0,,653.7435910807791,0.54106145000484,1.0,1.0,212.56216590937004,0,0.46779732178646843
user_01076,36.472512967082906,2.01265557852754,,160.41564831471558,0.6959473971536011,3.0,1.0,36.92785303783376,0,0.0831039492549771
user_01077,15.514597789259915,1.0,2.0,616.8909721201816,0.29591211689024727,0.0,0.0,,1,0.6843815932389682
user_01078,25.40983968319763,1.031491263464318,3.0,611.8105599666155,0.7033437478394886,1.0,1.0,237.23391692297906,0,0.4934094428727801
user_01079,31.53374877719278,1.0,0.0,575.7104003355952,0.3880901708842832,0.0,1.0,,1,0.35507532660479013
user_01080,35.68584900003419,1.6608407081203425,1.0,395.24749872888066,0.5438758726988321,2.0,1.0,,1,0.5736266781781559
user_01081,31.564891616294148,,4.0,338.9849069453757,,1.0,0.0,102.4450295655381,0,0.26053587348464297
user_01082,23.169238122863362,2.191759841452902,1.0,450.11517524383106,0.6270343987672622,5.0,1.0,,1,0.1997230613903082
user_01083,19.316280975111063,1.0,2.0,916.9940522936838,0.30658764803823096,1.0,0.0,,1,0.33803255395902737
user_01084,12.39853504728881,,2.0,,0.4685382003492546,,0.0,47.73154577943399,0,0.5081231116072551
user_01085,18.62633055644376,1.0673711590935344,,392.0029308360148,0.5862114926095782,0.0,0.0,69.3300966481268,0,0.6075466032254633
user_01086,49.0736415052727,1.0,4.0,731.6625396363984,0.26630987461008787,2.0,1.0,62.17259472772529,0,0.4641014209767612
user_01087,39.995974039591886,1.7245141403681352,1.0,359.9129010394637,0.6299617965740033,0.0,1.0,,1,0.20182961477282255
user_01088,15.72248788279688,1.0282624178120126,5.0,241.1739724748433,0.6632131353976936,0.0,1.0,,1,0.2992963728051722
user_01089,12.092605446395398,1.0,0.0,502.9665189136087,0.43968400509328176,0.0,0.0,148.85750957407782,0,0.6688612515998174
user_01090,9.379374685325837,1.0622525713191469,2.0,322.0898568249163,0.6816368674492342,1.0,1.0,77.57085585059215,0,0.39980131234069205
user_01091,12.582689820882552,4.596347307333153,6.0,303.07736561128684,0.7017897678164866,1.0,0.0,62.45917955033836,0,0.188250418990699
user_01092,25.096242500016395,1.2481299948360007,0.0,1384.4426620930149,0.3302655123091258,0.0,0.0,,1,0.562250113685794
user_01093,31.176687585985952,1.7071065148296358,0.0,947.3016133731277,0.31405946626127496,1.0,1.0,,1,0.6978424820411049
user_01094,,70.14663526701918,1.0,1182.535727917986,0.7691710215587421,1.0,0.0,,1,0.37393720169146716
user_01095,34.21588716697618,1.0,0.0,1486.6008684752458,0.144304087586171,2.0,0.0,,1,0.6973182202997982
user_01096,14.77424830281797,2.0239004570222203,2.0,433.2660166225552,0.2788754746119482,1.0,1.0,,1,0.7620701346203529
user_01097,27.323961372924504,102.79654910707039,3.0,360.1116988513764,0.5765095796201158,1.0,0.0,71.09653551658113,0,0.18507366001321754
user_01098,23.222458488234857,1.6928197061617951,3.0,500.6955791716958,0.19533022404878336,0.0,0.0,,1,0.4443418994779144
user_01099,55.91993907653723,1.4576166089900497,7.0,238.34853941369562,0.692988062694155,1.0,0.0,15.128790264276038,0,0.02265598353637197
user_01100,20.84700247124908,,4.0,736.9166868428233,0.6140512414308461,0.0,0.0,69.80048039059685,0,0.3204142474473803
user_01101,48.72614684262911,6.653957876283366,1.0,951.1896343317716,0.6956903758530476,1.0,0.0,,1,0.1997227302555949
user_01102,22.365847717493537,1.0,0.0,571.3115249262971,0.1918694927273787,2.0,0.0,56.034074513927784,0,0.5899609588828716
user_01103,8.202686646454566,1.0,,614.3666171684704,0.19052280763424953,0.0,,,1,0.8734054559394118
user_01104,46.778921987661285,6.746126976035113,1.0,288.22446793234656,0.6751648651715398,1.0,0.0,114.40844902290245,0,0.1522628231487771
user_01105,27.909136922574984,1.6517778224754023,,387.0927406801709,0.5037911428802874,0.0,1.0,120.01172020674677,0,0.48788741394778723
user_01106,37.998199846458824,6.152807321580645,,353.6277033251632,0.7942889611129286,0.0,1.0,,1,0.15494904319927594
user_01107,13.476850042521972,3.452327897723355,3.0,318.3772248081666,0.4285994340313159,1.0,0.0,182.59725176142885,0,0.36936107358735126
user_01108,,59.69289464640013,1.0,300.3551826917045,0.44146133411476624,0.0,0.0,265.6335835697059,0,0.7475751280719454
user_01109,20.474177037193055,1.5856343107234443,1.0,568.8619403799693,0.6479594954098857,1.0,0.0,65.39618891022937,0,0.45803864067253736
user_01110,17.50274726226731,1.416599861475649,1.0,245.0106457374461,0.5471425741614913,1.0,0.0,,1,0.3662585649907084
user_01111,29.299641278193402,4.84819388714872,2.0,202.69579455761013,0.669064229145577,1.0,0.0,24.45689129869379,0,0.09799621129538083
user_01112,18.472784098408933,5.025147682199461,4.0,285.12881769211316,0.7339162229432142,3.0,,,1,0.12752342318989016
user_01113,47.69448624781555,1.0,2.0,313.3890518009443,0.49737882946619416,0.0,0.0,281.4163535312202,0,0.3574150376495603
user_01114,35.89562100218637,3.5598184365060948,1.0,503.1957596979944,0.43136082575882934,1.0,0.0,,1,0.5469429140266544
user_01115,9.107532428919736,1.0,0.0,581.2666688115058,0.10776473331612661,0.0,0.0,,1,0.8672808025973989
user_01116,16.253723196743742,1.8499114307549873,2.0,435.62265361811063,0.43550779445331106,1.0,1.0,58.789307792623,0,0.33741002919803836
user_01117,19.846116320115513,1.05592392316975,0.0,605.2101152881753,0.2124415279694289,0.0,0.0,,1,0.751189184433022
user_01118,23.525917327883224,1.397150345861727,2.0,175.6624298376449,0.6218549098231423,0.0,0.0,99.15360552115969,0,0.2707588051682652
user_01119,21.478457111919443,8.613354237564321,0.0,411.508496722913,0.2833953807324165,0.0,0.0,116.01221883373243,0,0.4020007236457992
user_01120,47.663197185720314,2.329196802315361,2.0,233.36786370946606,0.8710869347617178,0.0,,39.20736541438458,0,0.09588409750077674
user_01121,61.821958060404114,1.3427767319058515,2.0,270.9079740285015,0.21578722996741181,0.0,0.0,49.259364046608404,0,0.3707162782457515
user_01122,30.945432730160082,4.288997323413988,2.0,524.6979814421467,0.4514533907307648,0.0,1.0,28.952922182247512,0,0.34975882476327813
user_01123,367.8005641931701,1.0,1.0,553.0018482749392,0.2043884933822068,1.0,0.0,,1,0.7127963977974089
user_01124,55.119558224092685,1.3671354323125184,0.0,709.0431708568327,0.43530720910230125,,0.0,,1,0.4206823731728993
user_01125,27.860727721420837,1.0,0.0,564.1698490264625,0.6448779734482971,0.0,0.0,,1,0.39475875374035685
user_01126,8.662857266704094,1.0,1.0,463.29134845456576,0.1291647431239413,0.0,1.0,,1,0.8775244465889501
user_01127,16.381514072764563,1.0,4.0,503.13783461139326,0.2744930297120645,0.0,1.0,173.26049760280625,0,0.6891314594804436
user_01128,28.777735333542847,2.2511632797694157,2.0,391.57021098753853,0.6082557299527985,0.0,1.0,35.39201833012834,0,0.33396878155788917
user_01129,19.457355818334428,2.4834534501403196,3.0,240.62484397864114,0.5666336383133584,2.0,0.0,118.63179027944058,0,0.4778070159648966
user_01130,10.95857520384336,,1.0,,0.1556172105664939,0.0,0.0,,1,0.7656684799518009
user_01131,30.23585409813683,1.3968319683329808,2.0,,0.4243292903117491,0.0,1.0,85.4250460859692,0,0.3366709898320142
user_01132,18.680762721174734,2.341029436677377,2.0,861.7500380966827,,0.0,0.0,,1,0.661730211943426
user_01133,10.484060524664352,1.275587456348652,2.0,456.9471478022405,0.42522333962299863,1.0,0.0,,1,0.7349573519591276
user_01134,42.01839762152551,3.722143936633163,2.0,360.3600822090813,,0.0,1.0,67.39800812811968,0,0.18148301438655656
user_01135,42.79563104365473,1.1101143401481122,5.0,475.83603945477347,0.755140953025885,1.0,1.0,67.1753604980562,0,0.28485958234411846
user_01136,18.320933286885097,2.539561754245315,3.0,690.6007656750743,0.2791058542474775,0.0,1.0,80.12574337665117,0,0.46793174478683114
user_01137,16.377447455026587,1.0,1.0,282.1370873070504,0.3025461259890596,0.0,1.0,,1,0.5777429922525056
user_01138,50.0620134763349,3.700212401498123,3.0,366.5247792102477,0.6093294605245645,,1.0,24.754032845305744,0,0.06947542786672756
user_01139,15.190964220107254,2.3313304578072045,3.0,375.60034676084916,0.40084073345993915,1.0,0.0,47.738622242923874,0,0.4304314123731486
user_01140,,1.882384051145132,0.0,,0.27652809522206095,0.0,0.0,,1,0.7394567409603067
user_01141,63.20453003366662,1.8184598486522268,3.0,300.8044260339603,0.40488302771773743,2.0,1.0,,1,0.24087819342092837
user_01142,10.840898858423161,1.0,,759.8985069803759,0.13070353544388622,1.0,0.0,,1,0.843352438749189
user_01143,40.03615859427587,2.9201214087455174,3.0,242.39307262119502,0.5852432943793278,1.0,0.0,54.35239880787268,0,0.28957635647394503
user_01144,15.373768220492162,3.8911257860600017,2.0,397.56019602810335,0.6202814573033864,2.0,0.0,45.431222210736905,0,0.10790061053975449
user_01145,,3.6992843863671276,0.0,994.6670800015594,0.23938740141330958,1.0,0.0,84.38745926165036,0,0.6477181962385568
user_01146,27.955490754943654,2.5660444066285084,2.0,556.8521417825518,0.47174054991701986,0.0,1.0,,1,0.5196167523983211
user_01147,9.201639343603393,5.439398945156492,5.0,221.12601124881976,0.641931327732315,1.0,0.0,,1,0.20999652199869587
user_01148,22.678547532468546,2.6763263361199963,5.0,363.7213681887343,0.45788344052229935,2.0,1.0,33.22009185807269,0,0.3426416293806757
user_01149,69.52496211343708,3.024416108955,4.0,352.2235629597784,0.6840571928296293,0.0,1.0,34.136500973900354,0,0.12988463185934945
user_01150,15.135759256778904,1.0453983855662985,0.0,792.3053110351102,,1.0,1.0,,1,0.676554851145078
user_01151,13.185081474825719,5.817136097638091,2.0,250.79813233607274,0.6211124393807897,,1.0,141.0669756906639,0,0.15775032074402492
user_01152,57.08777373649358,4.446632911858846,1.0,298.78819843099643,0.3343043217562614,0.0,0.0,58.903664755482644,0,0.5788319842289086
user_01153,21.43572704904061,4.519652635011845,,356.5473511531563,0.7783957356926208,1.0,1.0,105.18588591494958,0,0.1332660032451825
user_01154,31.191441561534784,1.0,0.0,531.9788384087125,0.4754377395489591,0.0,0.0,,1,0.5316162497153333
user_01155,32.815368779375746,2.9355731453505842,6.0,236.65225345003805,0.6939170018070973,1.0,1.0,45.170054841483775,0,0.23557900569169746
user_01156,18.993425991865546,1.4726425082013141,3.0,289.83775614755785,0.5668564916517895,0.0,1.0,,1,0.4588027163602487
user_01157,9.43526331727698,1.0941958007980261,1.0,,0.2818773083509164,0.0,0.0,75.71869112045552,0,0.6562084639609516
user_01158,20.98210673849115,1.295324387081928,0.0,,0.37758686345734666,0.0,1.0,,1,0.5601408901365691
user_01159,22.308084263524492,2.8911883655936736,1.0,219.4973099099068,0.591506040173882,0.0,1.0,23.017308648502855,0,0.12239124849963316
user_01160,27.651580757567306,1.2695574679265844,0.0,977.1756580198802,0.38278426844744395,0.0,,,1,0.7752912708825445
user_01161,18.39425180708696,1.0,,517.2596683435638,0.1676694907563903,0.0,1.0,,1,0.7316497102160961
user_01162,13.07322226225562,3.708888994029212,2.0,265.32837731559977,0.20562348765618854,0.0,,,1,0.41479942510068984
user_01163,17.6733894445185,1.0841412171018696,1.0,679.8838159278728,0.44490176553416527,1.0,1.0,73.75486869380893,0,0.4404250580480571
user_01164,17.903723232114295,1.2035640961265366,1.0,841.3850798935024,0.4475834017228339,1.0,1.0,120.5105568740575,0,0.7243966243387179
user_01165,47.51154821405622,2.590269995995622,2.0,163.40802815550668,0.4085162916133908,1.0,1.0,49.61796679797665,0,0.2164605176722653
user_01166,24.892758425423764,2.069150968506175,3.0,379.2621746844176,0.2820548956355159,0.0,1.0,,1,0.4405985676258032
user_01167,14.914825091164285,1.1065475323151284,,492.9913068735619,0.357269365783785,0.0,1.0,129.67292786468943,0,0.1527025870718408
user_01168,15.242335049478104,9.992696760513502,2.0,282.36230864268026,0.5819212680447782,1.0,1.0,77.68028428095633,0,0.22894164177517942
user_01169,29.546715340297467,,2.0,271.8241306056789,0.7408664488127066,0.0,1.0,51.512039103075786,0,0.1912761927897485
user_01170,26.097459073210445,4.854398607592156,0.0,319.59470353551245,0.4461024469905076,1.0,0.0,,1,0.3534045608503228
user_01171,649.9884376584876,4.401494541303271,0.0,431.95613964368823,,1.0,0.0,,1,0.29690596643295697
user_01172,28.11174516987983,4.459092066592558,2.0,501.66913592482535,0.5055302984145623,1.0,0.0,,1,0.4129963276524941
user_01173,12.369397991713797,3.983799453037353,,420.07537867864346,0.6140332332606834,0.0,0.0,119.84908789521741,0,0.42730749363552106
user_01174,30.329182491559763,1.3032430132654171,3.0,213.05005141281373,,1.0,1.0,31.5611622720541,0,0.3264855478355249
user_01175,18.4864313873043,1.7361482704336775,3.0,416.72855691693206,0.553271523983546,0.0,1.0,171.18924640126926,0,0.3492463809011726
user_01176,24.987730385870577,2.6842191129713973,1.0,538.8781758380645,0.45744712097631807,0.0,0.0,,1,0.7300470507508134
user_01177,25.427877035401902,1.0,1.0,326.34144630125195,0.37391539730348583,1.0,0.0,,1,0.5708636839756664
user_01178,7.0679769713774485,1.0,3.0,,0.41497999424798143,0.0,0.0,367.9787959357449,0,0.5731652432535247
user_01179,38.70653257682972,1.6372801888381687,4.0,278.46327389968593,0.7063636854824671,1.0,1.0,35.27431561557801,0,0.3140870925739614
user_01180,6.123918584443136,1.0,1.0,735.0116134183575,0.25720036996182155,1.0,1.0,181.56239751459785,0,0.5425735908337994
user_01181,19.058886018073274,1.0,4.0,569.6190125981983,0.5049049866373398,0.0,1.0,61.240061767278235,0,0.18098825972864346
user_01182,26.20465427381867,2.774573818153782,4.0,516.0868097629941,0.38642341103993394,1.0,0.0,61.115456310584975,0,0.26732278854227587
user_01183,59.994632351623224,1.9634762996436592,2.0,563.2837819504325,0.8309734685378762,2.0,1.0,48.57052460709041,0,0.06656284245302192
user_01184,28.918129978182268,1.0,2.0,806.3284147587034,0.41302507937390337,0.0,0.0,118.26456893759251,0,0.4741760426650605
user_01185,34.23199542238627,1.5608041041720295,4.0,320.88649357522087,0.7546101402925368,0.0,1.0,47.89429537893502,0,0.1717456176892737
user_01186,25.313467089790745,3.756221936198129,2.0,232.54356027752834,0.7488604792849237,,0.0,72.79584682792427,0,0.14679760406795506
user_01187,32.142046744729114,1.655409368423164,1.0,544.0174487427273,0.3216051136936651,1.0,1.0,,1,0.5387243539115616
user_01188,21.982975185037557,1.958746320309002,0.0,389.9397897781544,0.314600347775212,2.0,0.0,,1,0.5031154945750144
user_01189,6.693267945704583,1.0,0.0,823.5078050146464,0.06744702623834169,0.0,0.0,183.92576554914737,0,0.8350036264524701
user_01190,18.953638364377543,4.237189035076347,1.0,823.1835760476309,0.4843700516200514,1.0,0.0,240.61981108062267,0,0.6285257978340226
user_01191,,1.0,2.0,1139.9581927410072,0.4244492122913851,0.0,1.0,240.4256278294961,0,0.6875066812682011
user_01192,24.357832306723463,2.092625239832407,2.0,473.45762213993595,0.32474466803309404,0.0,0.0,,1,0.47725051676775626
user_01193,21.117428991171735,5.08952835664152,1.0,460.1066523104941,0.6292007561253075,0.0,1.0,25.544962222250724,0,0.17144324308321388
user_01194,22.273931193620687,4.358649953104199,1.0,274.96631498234143,0.6661531175194332,2.0,1.0,31.535917514058486,0,0.2814228011854259
user_01195,26.417444310045198,1.2797510144970081,1.0,1284.581054437084,0.5847288763989655,1.0,0.0,102.49691820730273,0,0.25075352202697027
user_01196,15.518090272647111,1.2913364226325175,0.0,459.87426002873275,0.3633758830793939,1.0,0.0,75.95369309859748,0,0.5128017189353878
user_01197,23.861623484508513,1.0,1.0,788.5606843092169,0.6274574030859212,1.0,,,1,0.6605927464482804
user_01198,27.24478290921654,1.986906114312723,,499.1431770885828,0.4324862401007489,0.0,0.0,74.87731437864477,0,0.5902459700961973
user_01199,11.01558475021957,3.3721674069212146,2.0,249.3602130181508,,1.0,1.0,31.81948876272839,0,0.1418929500737304
user_01200,20.18280104877128,1.7181097337901763,2.0,768.6932795940347,0.49125082683615917,1.0,1.0,,1,0.3098293435365335
user_01201,22.109758402996277,1.0446118591923979,0.0,441.8436429166064,0.24099156311322387,2.0,0.0,,1,0.7575779585306197
user_01202,19.832480074934697,1.949813718912919,4.0,140.97863712487805,0.5448364815720951,3.0,0.0,99.90379563414999,0,0.14877016436434246
user_01203,86.22025505547008,2.037455047332921,2.0,357.7271702459587,0.4125327156261645,2.0,1.0,,1,0.39823322351447676
user_01204,11.7530720054455,1.0,5.0,446.11695662382397,0.4967609591120063,0.0,1.0,77.32195391547437,0,0.5534970928815045
user_01205,23.96588445175522,3.646986184093419,2.0,251.99431178686146,0.23752756623062612,2.0,1.0,55.07432726143167,0,0.16545339552818636
user_01206,8.986032264407427,1.8167660747883096,0.0,489.47326920392936,0.27867182626841275,0.0,,231.11978717614585,0,0.5707739822702426
user_01207,20.167950819090784,5.970267602016885,4.0,315.3097212279951,0.8506617291229643,0.0,1.0,10.470521630518075,0,0.015722870523029748
user_01208,15.023298715310137,1.0,1.0,453.90320291694985,0.34181901834187495,0.0,0.0,,1,0.31165559741598287
user_01209,9.544469508432625,6.300390147676327,3.0,519.9677207520324,0.274420883128868,0.0,0.0,,1,0.5818935085424063
user_01210,22.39831235097499,1.0551916293870407,1.0,301.4015282639387,0.5975299544164581,2.0,0.0,,1,0.2916960674748582
user_01211,33.943369773876235,2.6057999316803504,4.0,770.7201359351136,0.8294274083373124,0.0,1.0,,1,0.3643962738752363
user_01212,56.260657895814525,2.8614202846759342,4.0,260.8444628006861,0.7215253756375416,0.0,0.0,56.742844236515026,0,0.07554870695300607
user_01213,,3.354402036975167,0.0,1461.671274172616,0.42153086429294123,0.0,0.0,86.67623726750487,0,0.5158350577473925
user_01214,120.0,1.0752654574372642,1.0,374.27827047211167,0.3946304501585105,0.0,1.0,,1,0.4420207891727047
user_01215,20.829181501535263,3.435677563704581,8.0,165.77274880815693,0.3246213091751987,1.0,1.0,27.846496131909852,0,0.1654549986925525
user_01216,20.372693003100423,4.273398467538576,4.0,,0.4308826370827717,0.0,0.0,,1,0.5867439587206075
user_01217,32.35785904813854,4.577681955883149,2.0,193.76633017019137,0.6043651352994317,0.0,0.0,46.38749681213459,0,0.15478406675233014
user_01218,30.45544691321545,1.0,4.0,377.30540015125644,0.7086324270148141,6.0,0.0,55.81876219047092,0,0.06541331022162311
user_01219,18.103905450633523,3.036719940194097,1.0,337.72585044612964,0.499575864296456,0.0,1.0,,1,0.34013776750676017
user_01220,15.531469941049078,1.0406169202515994,3.0,539.8894412899969,0.47660291496942486,0.0,0.0,,1,0.5584847963939082
user_01221,48.86701396318322,5.705631491323992,6.0,146.64434110675685,,3.0,1.0,124.53406261460466,0,0.21497392609454577
user_01222,39.66330312812955,2.0508686040129893,3.0,275.1054757533545,0.824481556195025,0.0,1.0,,1,0.23267872926209732
user_01223,11.624998607236726,1.0,2.0,1050.165254866409,0.1403346337831411,0.0,0.0,,1,0.8643459004277139
user_01224,41.73738735397117,1.0396276988155086,,266.735367797182,0.49625052252661644,0.0,0.0,25.63076910811851,0,0.21813296544746538
user_01225,30.74977197896472,1.2726935139984217,3.0,371.0538527138007,0.4758343014494069,0.0,1.0,53.473716573592604,0,0.2728326785130177
user_01226,18.04590856984728,1.0,,651.1620345324359,0.26595748556733606,0.0,1.0,,1,0.7250583768123885
user_01227,19.30733129016866,2.087895836264372,1.0,276.75927075857584,0.6267039361475382,1.0,1.0,71.2909601630266,0,0.20515578214093363
user_01228,45.53104537002347,1.6911771986494304,2.0,519.7692379525413,0.38306811528340934,1.0,0.0,,1,0.4253916253119962
user_01229,33.30954973327221,,0.0,393.0613335764331,0.40104526161120435,1.0,0.0,,1,0.5253423809643764
user_01230,40.9515938246552,1.0,3.0,353.2627412167665,0.5792093276241507,0.0,1.0,31.413092415796584,0,0.14125167106289718
user_01231,9.509190420920513,1.0,1.0,426.88258370992645,0.09660981802117292,0.0,0.0,,1,0.8498449087259217
user_01232,12.182550882743802,1.0,0.0,645.4237319942763,0.3991072222344212,0.0,1.0,,1,0.6678358781708585
user_01233,4.721294485784141,1.0,0.0,1071.510238309531,0.24662458373376908,1.0,0.0,,1,0.8367914900461727
user_01234,30.268494697955298,1.5202802402988869,0.0,,0.8827334950617225,1.0,1.0,9.159874848156326,0,0.19008434087915874
user_01235,382.1667562462274,94.02879251407387,2.0,,0.556612656961648,1.0,0.0,,1,0.3741781483923675
user_01236,13.687330433471509,,1.0,378.5320004682387,0.4335433674279568,0.0,1.0,31.862712236421064,0,0.691816885698702
user_01237,20.453573866652498,2.584492639634965,3.0,528.8461181578425,0.5715717694324177,5.0,0.0,71.09748054415176,0,0.17782588908353084
user_01238,5.045337350301866,1.0,0.0,952.0269382364987,0.34815475982353555,1.0,0.0,,1,0.8082210931482966
user_01239,32.83529222796967,5.5618741034323715,1.0,479.7683648227343,0.3942376393564563,0.0,1.0,42.047958247445926,0,0.42388905746614447
user_01240,27.25781396154594,8.052236716687068,5.0,,0.34166994077193313,2.0,1.0,,1,0.32396933606779454
user_01241,25.966964024697194,2.458532261914664,1.0,279.63134025937336,0.6107551402293205,1.0,,35.413300367192946,0,0.26797217652566646
user_01242,28.131600383928834,2.4194841962041576,0.0,1509.4945937707635,,0.0,,,1,0.48423562244146934
user_01243,17.148457111356652,2.164217442653919,2.0,537.1416134032863,0.5299901207550783,1.0,1.0,56.142773557225716,0,0.2542004668215163
user_01244,20.133699556488367,2.0983977102611835,1.0,320.4587343909642,0.6797821516641216,0.0,1.0,28.374154469112877,0,0.23119058651099614
user_01245,37.31514118473771,1.4993155020678508,4.0,344.1967365520722,0.41966943797541634,0.0,0.0,10.457943132948753,0,0.38821386011621634
user_01246,15.294376399269328,1.1631989945845955,1.0,967.770406632377,0.13972969359272064,0.0,0.0,38.319190496499736,0,0.728512892598102
user_01247,22.39101898758658,1.0,2.0,254.66171453470724,0.47155997642057473,2.0,1.0,,1,0.31903979833367035
user_01248,42.501878969304315,2.420515648868853,2.0,225.45280781230025,0.6263579402624689,0.0,0.0,85.40650690090506,0,0.21128575789758622
user_01249,33.78403228359748,1.4560954746981762,,609.4754125957966,0.6773159592988692,1.0,1.0,21.501290858516455,0,0.2572087801176684
user_01250,13.19679941035423,1.0,0.0,562.6553933830547,0.16237979073447528,1.0,1.0,,1,0.5690673032957999
user_01251,26.23704260449091,2.090510137439747,2.0,254.94005520949955,0.6260200962591865,1.0,0.0,80.4989619843588,0,0.24338602663961856
user_01252,20.956608007449663,2.229845020245277,1.0,430.929203788375,0.38684764504437424,0.0,0.0,80.55771073223598,0,0.4448213373130673
user_01253,11.020846453050375,1.4911055513346994,2.0,256.3928945336801,0.31759840383656085,2.0,0.0,108.12269705959639,0,0.6386012572383605
user_01254,33.642726099462834,1.6349802754883211,1.0,297.96460114789244,0.7097281157001728,1.0,0.0,174.15985848219017,0,0.2544608217572369
user_01255,694.7343385267412,15.796373356820348,5.0,248.1296995086038,0.7072997305537057,2.0,,69.72879872245493,0,0.07661513766267491
user_01256,36.66950862210156,2.6399759693608984,1.0,425.792109279393,0.5922693090046982,1.0,0.0,137.9517445898459,0,0.37318195275926735
user_01257,15.663386934343421,1.2781192334656493,1.0,,0.38900288400821975,0.0,0.0,,1,0.6800188673568116
user_01258,16.99318356000862,1.9054762576509432,0.0,11493.382799584399,0.47014131745267773,,0.0,,1,0.5457582693356938
user_01259,35.251270196890296,1.115358516455836,2.0,255.13146392852917,0.7488835106625024,3.0,1.0,34.434642014862625,0,0.15740816591705215
user_01260,33.75242560981751,1.3213342608606975,0.0,441.98832832265333,,0.0,0.0,,1,0.5442936341601758
user_01261,31.273732579351293,2.0342905555182837,3.0,634.8154791257773,0.7216544176832961,3.0,1.0,,1,0.15786082830938736
user_01262,36.367290648181054,3.1306308723244176,3.0,160.64344828522115,0.7268388972238825,1.0,0.0,92.61138829571378,0,0.32419854317747704
user_01263,26.318123756055545,4.150743714417136,5.0,195.43337817659068,0.7680019962743904,2.0,1.0,24.23697241789303,0,0.044119321155034065
user_01264,17.14228972796155,4.666384179806868,1.0,288.5931309160056,,2.0,,155.29185560904278,0,0.32245009198291724
user_01265,24.47433224086589,5.450782058314197,0.0,501.8400913157635,0.6377642185831119,2.0,1.0,55.85043088312397,0,0.2304543093369513
user_01266,,1.4260355138160314,4.0,324.49437847042867,0.6298521517293152,1.0,1.0,,1,0.4314497847660515
user_01267,9.927891170018158,1.053342835276985,1.0,587.8328558159052,0.38666278590801406,0.0,1.0,,1,0.44888610874434126
user_01268,14.705576290013203,2.3451490885679553,5.0,244.2118572634629,0.5650682603924827,0.0,0.0,,1,0.2836552367260789
user_01269,40.870141467605876,,2.0,147.86596453936585,0.8465135569796923,2.0,0.0,25.20755054653016,0,0.08011787633345106
user_01270,24.581228559112013,1.0,3.0,317.76207594360915,0.6084744619496015,0.0,0.0,235.6980754002413,0,0.3931123299786257
user_01271,22.4189113018313,1.0,3.0,602.1532254914897,0.47904692166166024,0.0,0.0,63.04850871875677,0,0.6506403744722236
user_01272,4.769522944339977,1.020298743505805,0.0,611.5549422748257,0.43060790587250086,2.0,,70.76744832451327,0,0.6170694144117371
user_01273,10.703971061776143,3.550107557220958,1.0,498.98789218412304,0.5967947182786907,0.0,0.0,81.45397369492345,0,0.5776623738295551
user_01274,12.789224334192074,4.3181805864211995,,7532.008845590708,0.5178726440512411,,1.0,,1,0.44849340854130354
user_01275,17.67723419339409,4.697392512118391,4.0,,0.5641182035600562,1.0,0.0,,1,0.16260677942515264
user_01276,15.344353790216502,1.9351762587577594,2.0,283.06130039983094,0.34502435369173656,1.0,1.0,118.20035784313555,0,0.3205427140225459
user_01277,33.195003516369276,5.043239062156344,5.0,146.7255990384831,0.7196446373556334,,1.0,57.3973076081842,0,0.03439025546659588
user_01278,21.351177246879036,1.0,0.0,978.0966160654573,0.19888515081443697,0.0,,,1,0.7453018761808612
user_01279,13.52648861537522,4.5563694484539985,2.0,332.65394659384214,0.8598286260671999,0.0,1.0,42.668713863889025,0,0.20461533724905023
user_01280,35.873602922970115,1.0274763666292723,2.0,347.04269395457567,0.6819447533753086,0.0,0.0,72.48150499144839,0,0.46226953765671913
user_01281,30.371605097310294,1.6628022035306813,3.0,312.37409105355187,0.27362376661290133,0.0,1.0,,1,0.41542850820796945
user_01282,54.03592798710757,1.0162422296838438,0.0,,0.3007615142837637,0.0,1.0,160.6912861926751,0,0.5893849059955926
user_01283,11.854177003042741,1.3424005867684108,0.0,737.9016133247161,0.39995776978225644,0.0,0.0,,1,0.6113662817805916
user_01284,42.22053016563746,1.3847438281916573,0.0,7811.693273588116,0.3350168395959067,0.0,0.0,,1,0.5858704999455259
user_01285,10.407097336455923,1.9824661921853655,2.0,294.36038960196885,0.316128459037355,1.0,1.0,110.30295629622938,0,0.6462103901245028
user_01286,21.44687233077878,1.8144658834923864,2.0,309.8007168732742,0.5425175813975086,0.0,1.0,,1,0.5589443489756826
user_01287,29.535999197950186,5.540573016483564,2.0,154.51159492748235,0.7845174829867906,0.0,1.0,,1,0.0784845525491048
user_01288,18.774705018584232,1.0,3.0,506.2203148158973,0.38594254531945854,2.0,0.0,,1,0.5613775524961133
user_01289,,1.2912841143885327,1.0,261.95572508662474,0.5144033876403944,1.0,,76.03107221489898,0,0.2899288364782053
user_01290,18.682611262260824,2.8344274578669344,1.0,318.6639352977751,0.5482785530402375,0.0,0.0,44.43477918143944,0,0.30359755571034713
user_01291,46.06490215368978,,0.0,621.9085177371217,0.29605656641542666,0.0,1.0,,1,0.605886479020092
user_01292,15.20471610531716,1.7308144145520334,1.0,758.2446272802208,0.2588626896740156,0.0,1.0,188.23238682173954,0,0.5417509707989518
user_01293,,61.39943699008159,,556.1388048055178,0.33090220855986574,0.0,1.0,70.61643775055155,0,0.48308321094506523
user_01294,18.137092564238728,1.0,0.0,1051.3672799458939,0.4810558197754595,1.0,0.0,167.683642156573,0,0.6173871299652335
user_01295,11.05120337490733,1.0,0.0,700.6467662514805,0.3244265473731669,0.0,0.0,,1,0.6249493067579501
user_01296,18.141663558975775,1.0,2.0,431.5309063092342,0.44579668202146233,0.0,1.0,,1,0.6414461310012076
user_01297,49.55879139530878,1.3931711618692717,1.0,704.2532349354744,0.3892874209698235,2.0,1.0,60.94065566043624,0,0.2216806153582919
user_01298,36.27214235769716,3.8682568159521806,4.0,186.75766410934875,0.5990023849816856,0.0,1.0,31.00599314572751,0,0.15631471714932232
user_01299,20.943833375528445,1.0,2.0,333.94658611538273,0.5980065857351843,0.0,0.0,77.85597613909272,0,0.3004738310415792
user_01300,,1.957859710742192,1.0,638.9609771634254,0.5951608474698761,0.0,0.0,,1,0.31360879228466304
user_01301,25.114054733750024,2.674540374806319,0.0,617.3906736901649,0.3707442505471487,0.0,1.0,144.55317204765234,0,0.4637891210440003
user_01302,,1.6372112496335354,4.0,530.0335955778388,0.6426636855947975,,1.0,80.89247712726957,0,0.09282829255242384
user_01303,36.625145356284264,3.100224842807308,3.0,675.6692819434697,0.7586335280756613,2.0,1.0,78.1020123158436,0,0.08912779539087397
user_01304,11.116680190471932,1.1157910624856544,0.0,1420.0029428890484,0.28762044256911723,2.0,0.0,60.52772822754677,0,0.7122446496271092
user_01305,24.172634502638694,7.422138472530404,5.0,,0.7628138965597978,,1.0,,1,0.19842877891959043
user_01306,8.986908399116187,1.5239242454532596,1.0,493.4123130320626,0.24220244853350265,0.0,0.0,133.30089242818454,0,0.558847531213828
user_01307,28.58701446834154,1.4058855984050853,5.0,486.6211212991804,0.6726380856683454,0.0,1.0,27.46904177299895,0,0.12843286149628175
user_01308,55.91797255854737,2.5720926067322347,1.0,613.2017295628146,0.5280797583483923,1.0,0.0,169.08071939258397,0,0.6339462436844643
user_01309,22.65317923167054,1.0,3.0,348.6470506751148,0.662321225630399,0.0,0.0,,1,0.47944638331854544
user_01310,22.07908920500463,1.0,1.0,650.2540993463389,0.33826777009436276,1.0,0.0,,1,0.7424062281944728
user_01311,7.689780638839942,1.0,0.0,416.02815854251213,,0.0,1.0,,1,0.7614350210840488
user_01312,16.332287791514894,5.345202168675061,2.0,452.7698705297812,0.31230820223516975,,1.0,,1,0.5961892892930932
user_01313,,,1.0,367.19926882693,0.5883335035713433,0.0,0.0,27.54808123357797,0,0.2994597131061281
user_01314,18.253585909447818,2.407218140997083,3.0,172.92490907434984,0.5778737969378639,1.0,1.0,81.19897375634855,0,0.15573853217944944
user_01315,18.69499100198681,1.0,2.0,585.6764071940133,0.6438476338634088,1.0,1.0,319.39934611200346,0,0.38987352099892675
user_01316,10.325488559702515,1.0,2.0,479.6579114292047,0.24070754896254093,0.0,1.0,,1,0.7744966497175715
user_01317,30.591609457106493,1.0,0.0,449.4399491592785,0.3931998517274517,0.0,1.0,,1,0.5230929925603326
user_01318,22.2763494045442,1.2764705482044758,1.0,671.1991845438495,0.35567434287575833,0.0,0.0,,1,0.4707269594387864
user_01319,18.422829548163193,5.7900631605962385,3.0,259.81726146544713,0.5140951287831159,1.0,1.0,,1,0.30149733127045364
user_01320,16.01234563227863,1.0,1.0,712.9568976621146,0.29646814045995235,0.0,1.0,105.85569509236002,0,0.5054756550641255
user_01321,20.547729999078523,2.9746041270920007,3.0,138.08798212468596,0.6194331956787187,1.0,1.0,56.384060237869306,0,0.08526479012841533
user_01322,16.366988575586724,1.239001349379171,,810.5409284852683,0.4294201895339245,0.0,0.0,,1,0.4455589229617306
user_01323,360.5624457246704,2.70886960327594,0.0,375.37060923813175,0.3818176078359534,1.0,0.0,50.051223189130354,0,0.6154860804419597
user_01324,33.253618166373926,1.544965501604279,2.0,573.4884176648322,0.603602056817932,0.0,0.0,,1,0.5342965521447367
user_01325,41.52331695109473,2.8861621754420255,5.0,447.6034050102484,0.5973329665954019,1.0,1.0,118.66906222348248,0,0.24927680290437923
user_01326,25.309013811789512,2.8018449466937025,4.0,292.92923757029234,0.6494683819053871,0.0,0.0,,1,0.33563712333735973
user_01327,28.98647929024007,1.3463339431495513,0.0,375.368878885051,0.577530011150512,0.0,1.0,48.015853344134214,0,0.3615634197746041
user_01328,34.2687845026504,1.5680706829819004,3.0,351.46682981157727,0.3867376324190354,0.0,,87.67667398192594,0,0.30536832849874523
user_01329,49.63395398871696,3.190401982506991,5.0,300.8890799705466,0.6452045549643163,0.0,0.0,125.88383689267664,0,0.1656125781922194
user_01330,32.24104807447626,7.305034123998334,2.0,146.00605903508264,0.7840255681964502,0.0,1.0,198.05873242796807,0,0.14785672416739942
user_01331,8.700462140806128,1.0,2.0,481.4761644661377,0.4552979619563121,1.0,0.0,,1,0.3619800981850856
user_01332,16.2500018473099,1.774411579434583,0.0,844.3643867244206,0.43801176571260547,0.0,0.0,,1,0.6160316350614288
user_01333,18.17093743033784,2.057110049815614,0.0,395.30365706764024,0.30670938819858057,0.0,1.0,,1,0.5968482142791034
user_01334,37.3852557094539,1.0,0.0,,,0.0,,85.77116592645703,0,0.6080345956262478
user_01335,75.82238071821185,1.1191506098768185,1.0,476.64515744003273,0.6912525711479849,0.0,1.0,169.62789226183165,0,0.3063346938710482
user_01336,42.78462726655113,3.315852714980391,1.0,388.03242050225396,0.5744783518904372,0.0,1.0,102.20775910379342,0,0.35227629044251557
user_01337,17.364388007316276,1.0968915663672176,0.0,609.3186543238119,0.47579219962151803,0.0,0.0,,1,0.657084292458175
user_01338,,1.6019357768044826,5.0,752.7637978943202,0.4845249889364153,1.0,1.0,203.78745242965616,0,0.4020969396133433
user_01339,52.94953337059867,1.4731890427724934,2.0,9462.096410956041,0.534067499301223,2.0,0.0,,1,0.38921059137988095
user_01340,30.99021310464874,1.380879663607623,3.0,168.94407345986505,,0.0,0.0,49.02329246193351,0,0.1364205536681734
user_01341,61.62056587426576,2.168524394133946,0.0,582.4981069805776,0.6499920629229726,0.0,1.0,31.827361345793452,0,0.4646562864243569
user_01342,33.42165893044894,1.9463998934243538,5.0,285.24286604357565,0.6071902146576903,1.0,1.0,40.65734876300641,0,0.28686872500286553
user_01343,7.772611208416447,1.8520779823531317,1.0,208.3978711344028,0.552031404138497,1.0,1.0,60.157966584188834,0,0.32525047528952444
user_01344,42.99149960003015,1.0,2.0,355.80314943941397,0.45351506133107133,0.0,0.0,142.88382641159131,0,0.6033928940884551
user_01345,25.99152249574918,3.5368573492186033,2.0,692.8745809819243,0.5278640455499922,1.0,1.0,,1,0.4413498541064806
user_01346,35.2085023856914,3.1928334208194165,4.0,158.53261764217254,0.5740556892588891,1.0,,28.7651254820868,0,0.15649705142554068
user_01347,33.73693618749172,1.2822274744553321,4.0,1067.6817341877613,0.5290380182689055,1.0,0.0,,1,0.5273936655608233
user_01348,44.100619242590874,2.5980115208030115,4.0,731.4086629489578,0.6623470611441798,1.0,1.0,13.814977950655708,0,0.22235854562842852
user_01349,31.858922112382906,1.0,2.0,984.4988244248922,0.2740834478526315,0.0,0.0,,1,0.6186404761178949
user_01350,14.175641179209032,65.63369772871162,1.0,364.85967861880255,0.6149085214056123,0.0,1.0,54.69567243235148,0,0.21059381964414622
user_01351,12.928748237721289,2.426734743018319,0.0,418.70245416488143,0.41135536205601725,1.0,0.0,,1,0.5084449929687279
user_01352,,1.162847026288637,0.0,673.0597703695207,0.32032365883976194,0.0,0.0,100.17935675342308,0,0.5605930118950939
user_01353,17.812610879389506,5.2128629500935295,1.0,291.8220634852249,0.2598094923627414,0.0,0.0,54.985632285140426,0,0.5557122413554322
user_01354,64.50703950271331,1.0,2.0,148.98693667282694,,1.0,1.0,86.7150260312139,0,0.061322550319397214
user_01355,24.50910317141122,1.474942820525144,5.0,321.0884233486893,0.34450242227401073,1.0,0.0,112.08743264180112,0,0.2375455408513473
user_01356,16.368518307501517,1.0,2.0,850.8419322730576,0.3067794602171257,0.0,0.0,96.54520804948426,0,0.6290626076528613
user_01357,17.382773657640985,1.9515929617104473,,381.8328204590893,0.4056449487260681,2.0,1.0,,1,0.5165674796310984
user_01358,24.652972338907173,3.576505368120125,2.0,821.1629621869769,0.5344285822431245,1.0,1.0,36.67728314704796,0,0.29367065130309794
user_01359,73.28243089955795,2.538642709563674,1.0,458.5025330233654,0.37921190846893305,0.0,1.0,32.65386307473294,0,0.562297317186276
user_01360,28.18769963628186,1.0,2.0,497.5805969906043,0.11221618897186754,0.0,1.0,,1,0.7708539828953801
user_01361,23.93752823849993,103.76117390039053,3.0,197.6733818229979,0.3542829135525453,1.0,0.0,,1,0.35622292052843124
user_01362,371.5188228258416,1.2820911549717364,2.0,612.9211901390074,0.10579443512234006,0.0,1.0,48.468680073356126,0,0.7333154403895834
user_01363,43.29955163756299,1.0,2.0,285.35614853356196,0.7053868803141504,2.0,0.0,92.70943473271686,0,0.12977863817289964
user_01364,14.266576368446183,1.6544741306681876,1.0,197.73216477972994,0.42766596879013496,0.0,1.0,69.61558708810698,0,0.3563720274517482
user_01365,14.441808669479643,1.0,3.0,387.7051570715751,0.5697739110528461,0.0,0.0,89.78068452747188,0,0.624786846756644
user_01366,14.132700540078293,5.818908898461056,2.0,181.1789431420559,0.7467987610645924,1.0,1.0,60.28214282421249,0,0.15535984204728748
user_01367,18.47642039086386,1.2774036475444097,4.0,487.6368471179683,0.26510018595646445,0.0,0.0,,1,0.6354847136471392
user_01368,22.90952669521332,1.0,2.0,510.2522439915577,0.21881323761125174,1.0,0.0,,1,0.5648862285240263
user_01369,30.33599149596671,2.5430440233837843,2.0,201.99643759906115,0.4543121606400405,1.0,0.0,,1,0.32077967267148805
user_01370,15.088277853066963,2.051411197897739,2.0,905.7818421868413,0.5115622360148323,0.0,0.0,122.93018492806907,0,0.5264664533105642
user_01371,46.55903873177885,2.516897788611112,0.0,212.10925931846882,0.5267760861388248,1.0,0.0,68.57489050593418,0,0.31911730837627533
user_01372,3.999787678358257,1.0,0.0,427.6214049124643,0.31673410419866366,0.0,0.0,105.02677640040906,0,0.6305765296929738
user_01373,45.415215007972414,2.0066751299480368,1.0,686.9623188742686,0.39250482152659444,3.0,1.0,46.270529575838566,0,0.6416946445515703
user_01374,10.642263093169337,1.8990975841311333,3.0,475.1662921411739,,1.0,0.0,,1,0.5562389761904286
user_01375,26.46996811886538,5.2137968411259346,6.0,858.8063476315835,0.5818765608174563,2.0,,19.39900634365279,0,0.20337349253729492
user_01376,11.476155947294918,1.0172707959945886,,320.1114911097019,0.26695062359375926,0.0,0.0,78.06197009250535,0,0.6891319181422076
user_01377,24.375850553448302,1.0,4.0,644.9977964559745,0.2893321873562932,0.0,0.0,167.91664015224327,0,0.6335032297207497
user_01378,18.993554714319433,2.233744686917037,0.0,830.3102032524076,0.48336754640613716,0.0,1.0,100.40022592466936,0,0.7078785673798639
user_01379,13.784436684229485,1.205033166778319,1.0,471.4344900983416,0.18982013382901466,0.0,0.0,199.19541541389862,0,0.5985899719119512
user_01380,18.59863067009053,2.347561117018488,5.0,274.0766829868831,0.4645345903693974,1.0,1.0,86.70586728528555,0,0.19029918583546185
user_01381,64.13988191924118,1.6368132778028635,4.0,315.87212738705136,0.4484407607593577,2.0,0.0,121.0922228474674,0,0.1866789713528431
user_01382,29.98836116914185,3.209796380417446,3.0,588.779474465852,0.6587649200812457,0.0,0.0,,1,0.28622558669031956
user_01383,15.601787762286781,2.8848148334047856,4.0,461.3389416126342,0.39718038982614073,0.0,,,1,0.765181360850705
user_01384,21.92946509147145,4.113147314261576,1.0,,0.6471484553270764,0.0,0.0,,1,0.2814361339863704
user_01385,25.716637673324215,2.1919948138456395,,628.9411018106547,0.23047722424064854,0.0,0.0,,1,0.6286887793131579
user_01386,14.163358155599145,1.2299921750974931,4.0,294.7647396169694,0.6584381036223463,2.0,0.0,106.86668068030204,0,0.2758054003847014
user_01387,31.858256883222055,6.995899282822939,6.0,460.5122864780819,0.5004068774364813,2.0,1.0,35.71699980739312,0,0.12614762752155984
user_01388,33.71152276827106,83.56793100170903,3.0,8870.840826102105,0.7002727502870001,2.0,1.0,,1,0.18146209643063382
user_01389,37.24465597715694,2.4135535388542757,1.0,275.81195375507497,0.7253885291551454,0.0,1.0,67.45700715854456,0,0.21524077731380029
user_01390,23.94574344038804,2.971573441523868,5.0,544.9076242864916,0.24159150025231765,1.0,,28.303219057050935,0,0.4955682732028251
user_01391,23.40315184634082,2.2216773076546876,3.0,163.4245983226503,0.41779996137736286,0.0,1.0,33.88748855199169,0,0.2970741939330206
user_01392,27.515250452788234,1.0,,664.401267819522,0.14135571413906406,0.0,0.0,,1,0.8005812671944679
user_01393,15.12849843810992,2.7369568820232995,3.0,773.945000301328,0.3621269562619425,0.0,1.0,260.7147349114295,0,0.4736513584665542
user_01394,57.3521644169812,1.2522337168405806,2.0,369.5690834870265,0.4495330915383097,0.0,1.0,79.25941666973736,0,0.24546516431945448
user_01395,29.322628965906816,2.4547844967064147,1.0,219.63707175040847,0.7834077357268358,,1.0,23.60976956699457,0,0.09162182021571072
user_01396,33.60886362840907,5.798138355350045,,364.35677140893677,,0.0,1.0,40.964240539874524,0,0.174213272158227
user_01397,21.546197959681844,1.9989528350800687,0.0,599.9367270985827,0.3393790369699541,1.0,1.0,,1,0.4447691398868208
user_01398,22.08300317912149,1.0,3.0,311.7587003986893,0.10494800905467824,1.0,0.0,276.8043095864348,0,0.695644046366207
user_01399,41.689655309027174,2.4109788776762344,2.0,673.9174386925794,0.3701719130694304,0.0,0.0,85.27975919522349,0,0.49515312797421057
user_01400,55.67282880116868,2.7166815560366318,1.0,529.9640573953315,0.4760725406916498,0.0,1.0,248.4424287086934,0,0.27788207403346304
user_01401,17.863760095414747,2.744609035808768,1.0,321.121484238749,0.39715999278325304,0.0,1.0,,1,0.7834820547439356
user_01402,13.094771033387731,1.0,0.0,893.8845605623846,,1.0,1.0,,1,0.6881674789994245
user_01403,21.48461819782156,1.6651635510779144,,201.3232841478134,0.757133709714224,1.0,1.0,67.32136917799002,0,0.2526294750558086
user_01404,43.84049763479391,2.8648620082901193,4.0,475.11301274491314,0.4735218605640061,0.0,1.0,,1,0.41158064757641744
user_01405,7.0866901578529475,1.023433103797718,1.0,610.3683418119562,0.1195076222142488,0.0,0.0,80.58841850584342,0,0.8512942887694244
user_01406,14.752866826781887,1.0,0.0,518.3125243652523,0.4253531817163601,0.0,0.0,,1,0.5288414204274002
user_01407,25.701147562847375,2.097245865685508,3.0,228.68523725313005,0.4189712192671172,0.0,1.0,109.81019936045973,0,0.4096781322661243
user_01408,11.64473162028207,1.0,0.0,1177.6986703417545,0.27294238390822034,0.0,0.0,,1,0.7212716283859648
user_01409,24.704549714265315,8.15348481886893,3.0,355.09359626821157,0.38977505131908013,1.0,0.0,,1,0.4240794262956642
user_01410,32.405431504632105,1.0,3.0,587.6440664205697,0.42159115183570767,4.0,0.0,35.40308638071025,0,0.2649876346783679
user_01411,26.871298739287074,2.690632321606431,5.0,270.0802242167748,0.610447202359556,0.0,1.0,75.48135334462123,0,0.2343892422466047
user_01412,38.49683934697152,2.6637765767489547,0.0,528.288467270443,0.40652620254971594,2.0,0.0,,1,0.5055915695870548
user_01413,19.863204266892755,3.4242069602167695,6.0,386.4118723677878,0.4702988950841942,0.0,1.0,47.408600660220415,0,0.11353850072633499
user_01414,18.528869146773395,,1.0,430.4928119741131,0.22814877567427863,0.0,0.0,,1,0.7138286961737331
user_01415,18.46206831743238,1.706897583806219,4.0,349.56628666975047,0.6675624446813251,0.0,0.0,31.673197423384853,0,0.1535653797458011
user_01416,14.405040777724446,,1.0,318.3883607690191,0.44571538165449026,3.0,0.0,31.61572998027419,0,0.2755333160580076
user_01417,22.19595772071177,1.9828685403623392,0.0,763.6329258588373,0.599237682567408,0.0,1.0,59.31112327229387,0,0.27852769695811164
user_01418,44.71537848082054,1.2302137268131728,3.0,377.28366154107755,0.4321765619442573,2.0,1.0,36.209553716224235,0,0.3414341883416968
user_01419,12.00597878617513,3.4444012511481996,0.0,581.2174854180365,0.5054233093565189,2.0,1.0,,1,0.6293243302648553
user_01420,20.349399204543243,2.8638731945198512,0.0,467.59106075770273,0.3147285869339761,1.0,1.0,,1,0.5555133325311239
user_01421,56.001631038475175,2.588136493756855,3.0,316.2068970253246,0.8443453706257255,0.0,1.0,66.81494480778088,0,0.17447813154017144
user_01422,26.526929956134374,8.582689671175222,2.0,236.36600870484867,0.49681574197064965,,0.0,60.581003875287045,0,0.365423232572098
user_01423,40.38949117599164,3.686537028631259,3.0,250.63081611270488,0.3676288637088928,1.0,1.0,,1,0.27157134150072465
user_01424,32.16023059738621,2.9342995563140097,1.0,242.98241522635428,0.5867996082915291,1.0,1.0,41.27663582393044,0,0.2896802693982787
user_01425,28.117906460882875,2.7903357409703373,2.0,493.6761297291518,0.5642931599604403,1.0,0.0,53.573151884600456,0,0.13848996490562146
user_01426,21.60980108515934,1.8620407087542294,,454.84074766287307,0.348710783751555,0.0,0.0,,1,0.563893500379749
user_01427,24.985996220685998,1.9460551090648808,0.0,380.5575361061021,0.39706654877188285,0.0,1.0,,1,0.48632026720565136
user_01428,37.35582369069985,1.0,1.0,499.488993692933,0.3827810774055726,0.0,0.0,,1,0.6168062793418788
user_01429,30.303596636395323,1.7682460477825352,1.0,347.20218578353007,0.386246078213237,0.0,1.0,,1,0.6470706774802191
user_01430,35.31990472162343,1.0,3.0,484.9284787542459,0.560270815851824,,1.0,108.95256467633979,0,0.4137711093391436
user_01431,11.475900313886063,1.2734811963262813,0.0,348.59829905910925,0.786469109539731,1.0,0.0,58.07604786008714,0,0.22883569607010357
user_01432,25.34658668035467,1.908402496318101,2.0,571.9853402164258,0.5311803645184585,1.0,1.0,,1,0.34684861545033213
user_01433,15.226722656260396,4.682612712352997,0.0,296.9798758154643,0.36988001250678243,0.0,1.0,68.2682913422103,0,0.46064892573117855
user_01434,16.793131724447214,1.0,0.0,690.7475029280328,0.3059676691786503,1.0,0.0,,1,0.6621822616301432
user_01435,17.124382066500967,1.0,2.0,804.9169430059628,0.09890009816074437,0.0,1.0,,1,0.6331564661306938
user_01436,34.51795799327555,3.6881159074206713,4.0,673.548950597043,0.36396444543729006,0.0,0.0,,1,0.6242216223911126
user_01437,25.796355514867518,2.216399724615391,2.0,487.8955814737626,0.5309381133460533,0.0,1.0,55.699350244958644,0,0.3483089299936036
user_01438,11.069674587565364,3.453462671373397,0.0,1187.0801294792807,0.4741837006792638,0.0,0.0,45.07865707256495,0,0.6172926317430105
user_01439,17.537313906329164,1.4886568003847662,2.0,434.59691908882365,0.41515486341252267,0.0,0.0,20.034209717469103,0,0.40642838701212514
user_01440,28.317221416852544,2.4192788395466653,0.0,453.68705665157495,,0.0,0.0,63.24408470508988,0,0.5899064960461828
user_01441,17.16296635624306,2.330940544972269,0.0,447.49010582778374,0.4228918622551383,1.0,0.0,48.50393008797673,0,0.3900348841687151
user_01442,32.25400466480655,2.898215381074042,3.0,1749.0890484925403,0.5743164106251174,2.0,1.0,29.773532489138283,0,0.5333421204044303
user_01443,32.649358928555344,64.27161395829967,0.0,680.237662658307,0.2357983650957262,0.0,0.0,,1,0.7340274360769248
user_01444,21.349591529267027,1.187414026485799,0.0,584.8998481715619,0.2505031147949281,2.0,0.0,68.68358374750096,0,0.5997032253905569
user_01445,28.009555256809747,3.4157441438372804,2.0,880.2312895889137,0.37191430566129413,2.0,1.0,104.04835261866653,0,0.5384017460533451
user_01446,10.900833590299895,1.9122262246420418,5.0,392.48172093055007,0.6900913203197244,1.0,1.0,104.56488356095994,0,0.31307946197031217
user_01447,15.262682637147092,1.0,5.0,627.8148234060153,0.46395253009861237,0.0,1.0,212.75740218612657,0,0.5227401511701952
user_01448,56.63751600501862,1.0,3.0,356.3628034120648,0.49497685690536614,2.0,,38.86116027844824,0,0.20356993988735955
user_01449,61.31193484201752,2.9441735576411743,0.0,618.0743818584846,0.4301988668360767,1.0,0.0,78.48447805165694,0,0.3473222956636698
user_01450,46.63350100998937,2.4819870281133776,5.0,162.844913798099,0.6469295664158726,1.0,1.0,37.2802402841511,0,0.03251004222084719
user_01451,,2.221101629994346,,894.6282225097857,0.32145567079623166,1.0,1.0,58.6599513762995,0,0.47098645141869966
user_01452,57.708690750350826,4.800571546201265,3.0,603.6892001075997,0.7580772201852978,0.0,,,1,0.2689870075680287
user_01453,11.136569698590966,1.0,1.0,493.38575365688337,0.2898282041985619,1.0,0.0,,1,0.7541599451450599
user_01454,39.24330316928078,6.744920498665965,0.0,255.98455885891354,0.4010437233979314,1.0,1.0,,1,0.2865432211433623
user_01455,7.886914850247335,2.7384066008105745,3.0,,0.5295867601902882,0.0,1.0,99.53567447088527,0,0.4136727481593052
user_01456,52.89732774651041,1.7675087995586287,3.0,160.14664460759153,0.539792850229224,0.0,1.0,45.542347888932376,0,0.23822478496511837
user_01457,71.90717338447341,2.82297024254815,2.0,350.0163031335908,0.38840106700233007,2.0,1.0,106.37329321641955,0,0.40220920932339194
user_01458,10.133798237444108,1.0,1.0,946.1761115504023,0.23560541567731835,0.0,0.0,,1,0.6513765512524544
user_01459,20.810190615757307,1.0411303290648546,2.0,685.3513986588714,0.6130343914352682,1.0,1.0,,1,0.34788679183831644
user_01460,23.83184477530371,3.546842509206097,2.0,194.70841646330015,0.6140475641914712,1.0,1.0,32.45941492019862,0,0.10915792858604943
user_01461,10.90270531833756,1.7380388924410806,4.0,818.1330704672175,0.5104780834904471,0.0,0.0,,1,0.503056799419686
user_01462,38.150818618578135,1.8460701853187957,2.0,486.8616749316269,0.475639354462583,,1.0,91.6604942801302,0,0.3841032275992584
user_01463,58.470606434693345,1.0,1.0,438.87947463498966,0.42301731866951287,1.0,0.0,,1,0.570570756953233
user_01464,16.895330938005706,1.7951793610983704,1.0,769.3401180946963,0.43787610453051895,0.0,1.0,67.80249239268224,0,0.31669534991738524
user_01465,29.599530940586416,1.1069003306418304,2.0,295.93687117320746,0.2716059253657122,,0.0,76.35695617781668,0,0.7019026296401262
user_01466,103.06839765726355,1.0,2.0,685.723561301742,0.33888919083562136,0.0,,,1,0.6008221198313789
user_01467,,1.1953831538090203,0.0,517.7977004283154,0.18255525528128738,2.0,0.0,,1,0.6736572836585886
user_01468,36.032497190216674,1.0,0.0,816.9175860995242,0.2601133501236369,0.0,1.0,53.29524737867462,0,0.727130318592071
user_01469,37.34749381310038,2.726269986683023,2.0,433.8341033885051,0.6545831991351946,0.0,1.0,78.92712727800736,0,0.1302381431102569
user_01470,12.778546587596654,2.392237338593144,1.0,781.9328413714134,0.27358653503939223,0.0,0.0,,1,0.6398250224034827
user_01471,9.94393806011125,1.0387979567374173,1.0,,0.38347826491815545,0.0,1.0,100.27765153755008,0,0.45677826061532634
user_01472,43.54629408201273,1.5887259499666522,,177.1989889185674,0.5848654824794023,1.0,1.0,45.069647726338836,0,0.29802847893791967
user_01473,28.335747919115054,2.9927138471994095,1.0,601.9084084180676,0.5515406522716724,0.0,1.0,55.39604107503682,0,0.19573111796085635
user_01474,15.943554186553047,1.0844260905391168,1.0,456.6993562474781,0.4553665373434975,0.0,0.0,82.18297436344852,0,0.5415654282902954
user_01475,5.491331641803742,1.1854394442746687,2.0,841.3601396953783,0.6042397661143338,0.0,0.0,,1,0.25653722257940853
user_01476,,2.4622704017489063,3.0,7669.070653129705,0.3383987667025595,0.0,0.0,,1,0.5438138508011272
user_01477,455.7022174292103,1.3043247988688864,,422.76004364866793,0.3641596544647924,0.0,0.0,59.43574938626166,0,0.6723428080648456
user_01478,53.31075485780251,5.727874185456951,3.0,735.5892707564049,0.4562087926661314,0.0,1.0,21.33178707738414,0,0.1190727424233199
user_01479,29.3179698153632,10.659901366146556,0.0,412.75965175390337,0.6692596362492929,1.0,,,1,0.20781873663969327
user_01480,31.882379306833773,2.6176444856772054,3.0,64.2525473336257,0.5792599693563061,0.0,1.0,73.74257816515515,0,0.055004421800177145
user_01481,23.137316691306268,1.7780557688873044,2.0,,0.5637885710827977,1.0,0.0,,1,0.29885872668833174
user_01482,22.461848238584736,1.0,4.0,319.20193142254544,0.47644822584793295,0.0,1.0,,1,0.42996375447300106
user_01483,31.95920807943296,1.1532531559577603,4.0,772.7516656622221,0.7923254148085984,1.0,1.0,,1,0.30100833272599964
user_01484,22.581690676655757,2.050393560288168,2.0,507.4736634555416,0.47344820608206173,3.0,1.0,31.125323999323577,0,0.2884713156762216
user_01485,75.22762718867048,2.2752652116779846,4.0,366.9741226952646,0.6537308824249711,2.0,1.0,53.160620762541896,0,0.09926750050185311
user_01486,22.826366167857127,1.636884209971126,4.0,386.40997641290954,0.5829124821105127,1.0,1.0,38.50572273151291,0,0.385259698964526
user_01487,24.000092090648796,1.215560189301333,2.0,327.7167802527882,0.5708975188288565,0.0,1.0,56.61171290908809,0,0.15660940292659384
user_01488,8.189704625177441,1.9818707570859646,3.0,327.5903065919782,0.635578729784713,0.0,0.0,141.3806768573772,0,0.3432516418252488
user_01489,13.92449384447506,3.2265109492373703,2.0,435.8229470594258,0.525896019928164,0.0,0.0,,1,0.517486972585913
user_01490,56.52564665712645,2.243271329114596,5.0,256.13029467114046,,1.0,0.0,107.69021601973519,0,0.2570959606398473
user_01491,23.02336301172815,1.3804832111421332,0.0,636.6506110660376,0.5160178418186374,0.0,0.0,,1,0.565276037684594
user_01492,35.782495093352225,1.0,0.0,684.8780582687206,0.41141277430919326,0.0,0.0,,1,0.7794771276278946
user_01493,20.45381587542348,1.5880254188740823,1.0,483.7938202873557,0.23953733416695192,1.0,1.0,129.4097751845561,0,0.6361403051806346
user_01494,14.269514415009331,2.9282465970728513,1.0,630.7913937775883,0.4802453127691698,0.0,1.0,,1,0.5207435460454539
user_01495,24.67427588199059,1.0,,441.8557675440106,0.4293894290185077,,1.0,,1,0.43080650587130004
user_01496,11.19846631400379,2.185548292428158,2.0,195.54405021738538,0.5793280746507313,2.0,1.0,,1,0.20313573079691985
user_01497,54.64818874706718,1.181708587879254,2.0,360.85215646186845,0.6511455063172121,1.0,1.0,80.39650893258897,0,0.32142334566799124
user_01498,16.34828614210969,,0.0,1057.20292527961,0.24228855896509738,,1.0,,1,0.7214758062123378
user_01499,7.790028003423351,1.314646773730657,1.0,919.1006468068455,0.3238377114477804,1.0,0.0,,1,0.48354178017436855
user_01500,17.65774748024437,3.656404688712833,,861.9110475078534,0.444549389435969,0.0,0.0,,1,0.687587402964866
user_01501,10.583631437101127,2.5429185169886863,3.0,502.5233242205791,0.5098169457281007,1.0,0.0,,1,0.4778044817216043
user_01502,8.997658905099577,1.4150195194150907,1.0,581.7653865990943,0.4445113795726143,1.0,0.0,,1,0.5655792781912122
user_01503,23.367912062960823,1.0,0.0,425.78950717849904,0.15212559439709192,1.0,1.0,,1,0.8417978767574337
user_01504,23.844768521137166,1.7658188590484931,2.0,427.1795976606412,0.40977541068596174,1.0,1.0,,1,0.32955714844386086
user_01505,35.72091590651836,1.0,2.0,601.8156869075342,0.4552348290624616,1.0,0.0,,1,0.5381050567427004
user_01506,30.71502067138978,2.670744677351574,1.0,219.5867369671141,0.7025775025747345,0.0,1.0,51.11977422905026,0,0.23480476923690444
user_01507,19.863291868039216,59.283607472644285,3.0,,0.25587400865019705,1.0,0.0,36.66877087307219,0,0.6822980966826174
user_01508,36.99494015021334,4.291399228938469,0.0,442.1619350416499,0.49092361226529957,1.0,1.0,,1,0.2035170909890909
user_01509,16.290030603058455,2.826975882447664,2.0,479.49153527160473,0.5213882214598917,2.0,1.0,,1,0.36052213069936745
user_01510,579.4675388237172,89.88551299835832,0.0,356.05616270613484,0.14145451113955784,2.0,0.0,,1,0.7305942912830786
user_01511,12.10595375901993,1.8428497121785599,2.0,,0.3064673964024358,0.0,0.0,,1,0.6673675225246222
user_01512,8.433276090927944,1.4591860022201835,0.0,965.0916699833887,0.48567642820852075,0.0,0.0,,1,0.4681087310084162
user_01513,18.506593314619813,1.0,1.0,397.73194534935556,0.1853101169995413,0.0,0.0,,1,0.8448949297683233
user_01514,25.458779746578536,2.2857995168628955,0.0,376.4684767415828,0.4542435026128302,1.0,1.0,150.46988143052127,0,0.3159953823607434
user_01515,24.91315864827005,4.6900537880666,1.0,238.389096926556,0.5153878413657039,1.0,,53.967195466273495,0,0.17951349592338492
user_01516,21.075178728697093,2.2188584767989843,1.0,310.03753558830203,0.30517966985874284,0.0,1.0,,1,0.55611809274255
user_01517,22.68147765276345,3.0061360431250455,3.0,736.0067983252628,0.4260550000878896,1.0,1.0,53.9345201936738,0,0.37427153186648865
user_01518,16.695292317763126,,2.0,580.3907414796589,0.548706674667864,1.0,0.0,152.20177685831422,0,0.5167897056129823
user_01519,76.58335168595106,2.034668141594326,0.0,165.58553270706878,0.8176727504425161,1.0,0.0,,1,0.08273338521991476
user_01520,12.39613644783676,1.5972958206819994,2.0,338.68561014130245,0.4807067748788564,1.0,1.0,,1,0.30435949170738674
user_01521,9.951243588048598,1.8132823224416008,1.0,,0.27230732440432726,1.0,1.0,,1,0.4807109599028012
user_01522,43.68809698872635,1.5705967568436503,2.0,507.16975469447743,0.6484735004190004,0.0,1.0,59.639360376640845,0,0.3861284257560464
user_01523,18.04345369394657,1.4306030809910144,1.0,341.06614742958385,0.4388738017008911,0.0,0.0,,1,0.5772955778788199
user_01524,10.693616158559093,1.474996267423029,4.0,373.3751621343398,0.2617575000532783,0.0,0.0,,1,0.5599604684184216
user_01525,23.60628573509146,5.0838425702598125,9.0,138.67145061319536,0.5831265239279821,3.0,1.0,,1,0.08711356533605112
user_01526,35.965638604599086,5.369682753546764,1.0,179.16399445639541,0.43554958897346785,1.0,1.0,38.2254876466378,0,0.16929328695131057
user_01527,35.63034229516957,2.077511481893321,,231.64718368986723,0.6095829873369075,3.0,1.0,43.43859676847565,0,0.30175890925291593
user_01528,22.181641395985366,1.090633183550148,4.0,500.93104416798946,0.5715090752355755,0.0,0.0,,1,0.4437518650930138
user_01529,504.9787917380618,2.489224815746355,4.0,502.35249890997534,0.49198394977220916,1.0,1.0,49.5090874914362,0,0.28983250046792247
user_01530,33.960914217769705,,4.0,504.5696914101038,0.4167648734237904,0.0,1.0,113.0564511432259,0,0.2625432100606014
user_01531,17.800822965064167,,2.0,307.2131264927675,0.7305271955280183,0.0,1.0,17.926660733495517,0,0.14331225839624978
user_01532,18.14467916204928,1.0,2.0,723.7073620278856,0.4002544104894669,0.0,0.0,,1,0.3595447156284516
user_01533,12.746877144604115,2.70242111989638,,873.6596914324416,0.5150774283653836,1.0,1.0,78.98439603650549,0,0.4551881025673335
user_01534,22.141928193693676,1.072501911695914,0.0,544.3207948551606,0.4333936130232121,1.0,0.0,65.66434397123953,0,0.621211904342419
user_01535,,2.3787983393119396,0.0,268.0496437214995,0.5940851582462887,0.0,0.0,121.207009939175,0,0.2223892545111324
user_01536,,1.7977624339196498,3.0,193.39333860415246,0.5377152754189171,1.0,1.0,34.13060955229955,0,0.15547194395731437
user_01537,27.44275497442338,1.0,1.0,801.1358395260762,0.33384554617691203,0.0,0.0,171.72491106841704,0,0.7679088296321346
user_01538,9.967612128148698,1.1783657244525263,2.0,328.69022223040116,0.871868628031829,1.0,0.0,72.44200426701926,0,0.09737894252424291
user_01539,13.863464579364788,2.950822376405612,1.0,106.3695857606725,0.7282804873969821,0.0,1.0,55.5423292143547,0,0.09712957436927044
user_01540,10.895347918943825,1.0,2.0,416.0093474385517,0.5434882096039113,1.0,1.0,,1,0.4458417372817451
user_01541,12.524466004053721,1.0,0.0,10796.967176017182,0.22135158755451126,1.0,1.0,,1,0.6163245768534724
user_01542,44.569481321404076,1.679247888448318,1.0,225.94170021367125,0.5721283409823263,1.0,1.0,101.16586589502377,0,0.22316580137152522
user_01543,23.168705746862656,3.941108620905224,,521.1038436483154,0.6032896502861254,2.0,1.0,74.35202790398645,0,0.2818005804084677
user_01544,75.4273718279903,3.8486578150298176,3.0,178.55230439057348,0.7374299409123553,1.0,1.0,108.97274276389889,0,0.06438018572474365
user_01545,20.13879021434544,2.321128723651723,0.0,494.2107403111019,0.20190164761430784,0.0,0.0,107.70677805465358,0,0.6497668232080794
user_01546,24.909109033828035,1.1705631203369804,5.0,263.149827718218,0.5352449950703825,1.0,1.0,27.916898745008503,0,0.37676428685887575
user_01547,415.81891476767703,2.518977345820205,0.0,10320.204686833109,0.7534897599786112,2.0,1.0,34.76194595141981,0,0.3142536199845138
user_01548,31.871964018502975,2.3013991608665054,1.0,317.4035289654427,0.5363643185668302,1.0,0.0,,1,0.4083131435170294
user_01549,17.50843429758997,1.172831860365585,3.0,382.47585450381285,0.3377696861135997,0.0,0.0,86.67059138946709,0,0.29381364576013136
user_01550,15.513643533337023,3.0966303918075413,6.0,139.97091648339233,0.34857820384742216,1.0,1.0,190.41756826860586,0,0.298237440288303
user_01551,29.400329459991116,3.569126231507732,0.0,316.51231488293644,0.6998326312875573,1.0,1.0,217.37969763473794,0,0.19600773498476695
user_01552,33.38141102795919,1.0,3.0,310.40879958479877,0.46127821442897493,0.0,0.0,103.05241171242872,0,0.3216598384604323
user_01553,20.827530666887768,1.1386500371190253,1.0,393.71281320977295,0.6776843793562083,0.0,1.0,53.728248435197784,0,0.22250258077830015
user_01554,21.69910257240518,1.0149489056727836,4.0,326.4790800217816,0.4963187881718902,1.0,1.0,19.46464434001946,0,0.22314978728994286
user_01555,31.83562845855313,1.0,5.0,619.2688087755055,0.4590827506451868,1.0,1.0,,1,0.3649951143055707
user_01556,14.485278789378176,3.251503543762231,1.0,578.452668286048,0.4661622276930673,0.0,0.0,106.67127792656267,0,0.4583912141045408
user_01557,7.919149937531033,1.0,3.0,615.6831196333677,0.059612088513786535,1.0,0.0,,1,0.9594708981983846
user_01558,25.354385647129497,8.83932636951742,2.0,391.1236382119375,0.5975635206166287,1.0,1.0,89.47048917105448,0,0.2101312194202889
user_01559,20.658473160974072,2.368614501117262,4.0,231.01804512456314,0.40409015835215845,2.0,0.0,,1,0.3175683569553299
user_01560,33.05135104641593,67.65064149607466,4.0,179.2406274248452,0.4623278592348379,1.0,1.0,14.012062120134503,0,0.038727638058080875
user_01561,16.03206089609222,1.3194413425251914,1.0,336.5827678658637,0.4998986112831093,1.0,1.0,49.29765145036734,0,0.08013025554969114
user_01562,22.53556178890151,1.3404752579861976,3.0,156.73282451848326,0.6640716270541298,0.0,1.0,67.19943081071361,0,0.2097095278385265
user_01563,16.798036928625493,,,692.3185833671945,0.5271364012882801,,,,1,0.5563908435117308
user_01564,19.352245120843435,1.2752975131966466,0.0,260.9788639522227,0.4607416945748596,0.0,1.0,48.94297485400445,0,0.3764342501259868
user_01565,23.899807573240455,,,718.3682974148313,0.5415930866491024,2.0,1.0,,1,0.5220992809755394
user_01566,,1.591182109744125,,803.5893937537553,0.5313932151872521,0.0,0.0,,1,0.5292038114795058
user_01567,31.43209134707763,3.6872199034556705,2.0,339.9127845202849,0.7637829351385809,,1.0,21.451971579650944,0,0.14129259283746348
user_01568,49.90910192050935,2.215173964902437,1.0,289.83281170129203,0.40765394846245406,0.0,1.0,22.031837466148747,0,0.11598429365585271
user_01569,40.59509086348653,3.4026979633627734,2.0,384.78906722642716,0.8374869014759431,,1.0,62.15264278033256,0,0.08170320748087116
user_01570,93.13188682581564,3.26692947677539,4.0,455.0336596756609,0.7402181096055949,0.0,0.0,64.11243478985466,0,0.34549004789397614
user_01571,45.81232702326102,1.0,4.0,252.01191337291283,0.7246218013296896,2.0,0.0,81.36015086933374,0,0.10263745965178682
user_01572,29.393972057100502,1.0,1.0,808.3461346059366,0.2612490045992216,0.0,1.0,192.0124916748553,0,0.7201451525998576
user_01573,31.85912841826427,4.839241146904543,3.0,187.45775343709775,0.606737475831619,3.0,1.0,45.970062221215755,0,0.15966263049801338
user_01574,13.205853170629988,3.3913872662102653,1.0,580.8952475139247,0.7295206706445005,1.0,0.0,35.321491701762426,0,0.3419380032675104
user_01575,29.78108093453112,1.4592325753671382,4.0,366.10717945536874,0.6583490856152105,1.0,1.0,83.24242257034571,0,0.24907160965070915
user_01576,46.31162937823674,1.4000067195841146,2.0,,0.49070750619578507,0.0,0.0,45.01129928599839,0,0.4203084249811351
user_01577,,1.3193890562415191,1.0,1236.9306430993743,0.13395482063816752,0.0,0.0,,1,0.6809530859729823
user_01578,29.753134581061083,2.200708847799947,2.0,356.47296444797996,0.6326327560595661,0.0,1.0,14.871237786630621,0,0.26757066583913963
user_01579,41.06727892520555,3.8636416504697615,2.0,117.43693112811586,0.6523836780474751,0.0,1.0,42.61223289610602,0,0.04824707316257207
user_01580,12.934857013106656,2.9504154388031036,2.0,335.6569795945213,0.7156225206955794,0.0,1.0,36.49676277639518,0,0.0160216754527398
user_01581,,1.5639255003096308,3.0,624.2596489750609,0.5219067668745896,1.0,0.0,58.16106057675562,0,0.3917881209626755
user_01582,,1.4715683585148451,1.0,886.4889977062269,0.4267344869714086,2.0,1.0,59.196136012654364,0,0.3541512416888747
user_01583,37.0536195896757,1.0,2.0,349.8327026539769,0.7177487732202287,1.0,,36.753393437170175,0,0.13807483701202017
user_01584,50.29817776521841,1.927254052309488,3.0,266.616444896113,0.5610652644795476,0.0,1.0,,1,0.3086734202108009
user_01585,8.727851669971786,1.0,,1650.4441196016217,,0.0,0.0,184.46133762959965,0,0.9148735112601493
user_01586,14.99769187533218,1.8047821626926883,3.0,,0.30918190279685903,0.0,1.0,110.09973201152634,0,0.34828166906949254
user_01587,67.67887097614414,6.575849643195406,3.0,434.34519642677697,0.6038306986875291,2.0,1.0,96.02553289617732,0,0.3902673468110744
user_01588,28.68337872454618,1.6752584465680105,2.0,564.9611861869707,0.5517719811358419,1.0,1.0,54.934894209463245,0,0.3065249437308821
user_01589,76.66566931299289,2.8862959287285492,0.0,292.09981334148904,0.4926133425906463,0.0,1.0,,1,0.5314230738709643
user_01590,40.10518002027103,1.8826632332316493,2.0,336.04666895131834,0.4887086565724494,1.0,1.0,71.21358473003552,0,0.23598197301031595
user_01591,47.63127533752715,1.3886914478738654,1.0,349.0108037780788,0.1605699491269455,1.0,1.0,,1,0.5038864936470318
user_01592,8.944003889011968,,1.0,976.2329890220547,0.419908508040661,0.0,0.0,,1,0.6334968096872007
user_01593,22.024634439745515,1.0,1.0,749.5891045441304,0.514998846608306,0.0,0.0,,1,0.6904986217139767
user_01594,29.660998393565013,1.3961227652618193,0.0,576.9272957292924,0.25511820155986215,0.0,0.0,37.5257517972046,0,0.6019251578593484
user_01595,,1.0,0.0,1198.3704554000822,0.18652970805590405,1.0,0.0,,1,0.821678601111847
user_01596,19.19773800765667,1.0,,386.54191686981017,0.45393298739343474,2.0,0.0,39.34439836169287,0,0.6370509262065035
user_01597,11.961578841593404,1.0313348881062518,4.0,631.4429227690428,0.3394367670404788,0.0,0.0,,1,0.5071123817980866
user_01598,13.027570503681114,4.004430619513992,2.0,754.4085533934765,0.5932922331446524,0.0,1.0,25.450369965677588,0,0.3319021086392772
user_01599,,1.5044557070405422,0.0,775.1407992099207,0.18512680926261135,1.0,0.0,,1,0.5939391817327463
user_01600,17.613755493373212,1.7418900015706962,2.0,400.17740994683595,,4.0,1.0,23.35184060711615,0,0.20047742034657495
user_01601,18.151212902538898,1.890158744779398,1.0,735.855349278799,0.31802985055910676,0.0,1.0,,1,0.6141744687878605
user_01602,18.688142467421013,1.0,1.0,257.5389157039067,0.25767841063155417,,1.0,,1,0.5495058932506719
user_01603,27.352400445579427,3.257345315942559,1.0,601.061492906466,0.7008967279353524,1.0,1.0,77.95496997657919,0,0.2983798003525689
user_01604,13.681505462990616,1.1008297275789258,1.0,874.5908740260724,0.5129906366785658,0.0,1.0,,1,0.6034843974113637
user_01605,26.820483400560622,4.316694776190012,0.0,789.9271766725534,0.28445341116995526,0.0,0.0,,1,0.5397534400211822
user_01606,28.864419340862188,11.647140928830812,3.0,120.9911575069745,0.7392291089998917,1.0,1.0,22.7233650538841,0,0.1636764123320132
user_01607,28.697472668495223,2.806819429638573,3.0,345.3236823877406,0.6702817336533083,2.0,1.0,,1,0.15965328265206702
user_01608,52.43749493500196,2.2789263769790797,3.0,209.57069939332723,0.6414304898917029,1.0,1.0,51.45380211864584,0,0.019288300583712167
user_01609,10.742214135011764,1.2312819881626027,2.0,708.891148464896,0.5383841831743772,0.0,1.0,102.91854579452121,0,0.3582665834809513
user_01610,11.063782188568632,1.4649342546243278,5.0,215.37881461454214,0.6926884215732079,0.0,1.0,55.940513656458805,0,0.2196099365408562
user_01611,21.972825413210828,3.9896209221547485,3.0,167.6769865724801,0.7395935549604832,1.0,1.0,33.89541821528359,0,0.028499525636803476
user_01612,26.494276344679417,2.0298862176527277,2.0,554.6312230260119,0.583915208313809,0.0,1.0,34.51540312364262,0,0.34017871819288686
user_01613,29.03256110914587,4.125280473037706,3.0,1203.6384495211598,0.4166709828677979,1.0,1.0,216.34559794564754,0,0.38773092785971125
user_01614,34.74892225259517,2.648963590363374,3.0,256.0372879804982,0.8202849767601623,2.0,,31.956240004657012,0,0.16442586888456778
user_01615,10.146248649007306,1.6980016178504673,4.0,796.1145545782714,0.23006811843478228,1.0,1.0,,1,0.5979041789863401
user_01616,9.769498416926588,3.3413855216188946,1.0,409.21060379724287,0.6029737106458872,0.0,1.0,23.952553746129876,0,0.19835100881745701
user_01617,51.931728062627776,4.085569094157696,5.0,386.8913887415645,0.4490857025524889,0.0,1.0,18.17666737799988,0,0.26094433992871274
user_01618,38.8055291772633,1.0251003360207323,1.0,392.5428371313425,0.682686288292436,0.0,0.0,217.90093768662717,0,0.29533030496536805
user_01619,12.811736726076823,64.4503409881835,1.0,329.5274800830734,0.2914442707647293,1.0,1.0,,1,0.45146467824832803
user_01620,19.806954980577014,1.002111584873469,2.0,360.518915348599,0.5187075562143506,3.0,1.0,193.88013695231353,0,0.22219158297457578
user_01621,60.42008172920049,1.325615138322611,,409.4162100430016,0.6747445089370201,0.0,1.0,39.03381534273953,0,0.37356853491738756
user_01622,27.25997456264082,2.401063304958535,1.0,166.793679458488,0.5265986945707541,0.0,1.0,58.60946151600439,0,0.2466205472105151
user_01623,48.960542992847635,9.447249948176394,6.0,304.73296476632953,0.6781743224815425,1.0,0.0,54.15151922911173,0,0.1350371339624905
user_01624,32.46245846845739,4.764300618193164,4.0,267.8495149708086,0.37382772592416014,2.0,,78.11466726403529,0,0.2874737904417272
user_01625,30.89816977721873,2.6552660167212294,1.0,294.961365386475,0.6026546839900815,3.0,0.0,,1,0.3053714604988889
user_01626,19.46055410426769,1.034373761845283,3.0,669.0107628828456,0.6196196054918796,,1.0,77.05512573250482,0,0.17454635362629867
user_01627,53.609304768008386,2.2632439828419075,2.0,310.1082551350558,0.46435553554946657,0.0,0.0,,1,0.18684607830733013
user_01628,20.9712475439371,1.689458519064362,2.0,735.6038482794144,0.28493249456615277,0.0,0.0,145.61309825694278,0,0.5494175254389037
user_01629,52.70523434239706,4.623519447068353,1.0,374.32447152139997,0.37091957837326084,1.0,1.0,108.20756603582343,0,0.41959137513610606
user_01630,34.76095225616726,3.0437558478009628,8.0,174.90104535818588,0.8546646742712483,1.0,1.0,38.79689346647017,0,0.09167379762127498
user_01631,19.990878290119824,2.7769232905618284,0.0,227.35218104289632,0.4573481551367038,1.0,1.0,65.99147929830363,0,0.13423605681169884
user_01632,57.87222289320272,1.891561717531714,1.0,253.20778376112753,0.5127886278554357,0.0,1.0,15.655163884745738,0,0.2868058276209877
user_01633,15.967294567656404,1.1655732099081912,2.0,162.7068752965718,0.7158023022175664,0.0,0.0,32.30116052751302,0,0.11505454615504199
user_01634,32.41289642176847,2.7420653096181464,0.0,394.3416629029114,0.6879845387442425,1.0,1.0,150.76680362700907,0,0.24427427007075922
user_01635,54.99617942067269,2.6984573695976724,3.0,222.50983158522183,0.7532353743294519,1.0,1.0,112.94358542088939,0,0.1492486916065327
user_01636,12.106969160181105,1.0,1.0,426.39870840480074,,0.0,1.0,,1,0.7539512697548043
user_01637,18.869635840138905,1.5902343347747347,1.0,600.4671682359734,0.199392889977029,1.0,0.0,,1,0.730831895061661
user_01638,38.61895593371677,1.0,3.0,188.42718118846636,0.392171045170883,1.0,,,1,0.44291983568355603
user_01639,6.710623034452982,1.0,1.0,560.4540591634919,0.03645816658554205,1.0,0.0,215.78603926048163,0,0.929968820177943
user_01640,42.05089341157416,1.0,2.0,328.46880931597013,0.5519471467808973,2.0,0.0,94.72689175817037,0,0.24164678907295856
user_01641,9.639715210903313,2.42865204910674,0.0,1226.0420723381146,0.2926310143331237,0.0,0.0,56.508795569760515,0,0.5213607315160009
user_01642,21.642817740695808,,2.0,433.00968606678725,0.6294967901676786,3.0,1.0,37.91163601893551,0,0.3533173603733156
user_01643,34.003914615188954,1.0,2.0,285.3173802723031,0.2618604863357174,,0.0,,1,0.7136129092154516
user_01644,44.45367689088256,3.7299961082457327,2.0,,0.6334061578416371,2.0,0.0,72.09902130336859,0,0.2361843290660193
user_01645,29.475704124153385,2.6182332430813497,5.0,328.69348381355053,0.44005249104141186,1.0,1.0,,1,0.32112091596900366
user_01646,42.07027031098832,2.238625444405143,1.0,579.6663908221672,0.4247762451634341,1.0,,284.2610794899829,0,0.4672389639134267
user_01647,17.21936685607554,2.1114193676308473,0.0,401.53786928322864,0.5985577185759702,0.0,1.0,117.12168648746233,0,0.5191691972993924
user_01648,34.41503277486541,4.5624490382002705,2.0,517.8890194363586,0.5090030887275173,0.0,1.0,107.32053457539654,0,0.3316854091285396
user_01649,40.20250818996547,1.3568182941438964,1.0,310.86395586458417,0.5757371504156253,0.0,1.0,21.68560546503917,0,0.3899833490125813
user_01650,,2.3429319564328206,4.0,443.5526106762065,0.6461525834517323,0.0,0.0,39.47037239215305,0,0.40295114740912574
user_01651,12.838506762669738,,0.0,436.78030084027176,0.46174133724547645,1.0,0.0,,1,0.4421745254478891
user_01652,28.771715152859247,2.1479459618739325,2.0,312.47846482195837,0.6390073201814719,1.0,0.0,,1,0.5524815778159834
user_01653,11.940456290643366,3.0578299993445244,1.0,935.1125688502685,0.38633677103914055,0.0,0.0,56.23546007321017,0,0.5008826341055931
user_01654,60.31400374136972,,2.0,393.9085521701496,0.5785826184737676,1.0,1.0,,1,0.06950380004791948
user_01655,24.046071494548677,1.806064530468332,0.0,320.9104955937804,0.4797654587650198,0.0,0.0,,1,0.41903736260107444
user_01656,14.689699586555921,6.19323624117977,4.0,226.57767938657219,0.6414501201807742,1.0,0.0,,1,0.2376790185614149
user_01657,27.062375130651557,3.1493410740512107,0.0,576.1412879998387,,1.0,0.0,149.02386092993177,0,0.37850918409010303
user_01658,46.414506621161,1.0641707046695754,1.0,846.0056819254469,0.5503895536793552,3.0,0.0,17.877999280785183,0,0.33332050870996466
user_01659,14.620147147542703,1.8218326096433202,6.0,6526.4800924623,0.25143143620408104,,0.0,57.74425322932299,0,0.30195433719286036
user_01660,16.390068631186896,2.1776250234891013,3.0,405.429534021157,0.5364782177332608,2.0,1.0,,1,0.341634523560778
user_01661,23.392924823248638,2.9055890353695726,2.0,141.5313437472838,0.6789903263284901,1.0,1.0,58.58761962689733,0,0.166362468143179
user_01662,16.07856208166762,1.0870740485161277,2.0,403.54778533819155,0.2498066106960441,1.0,1.0,,1,0.5404973940245564
user_01663,48.107839645010806,69.66394979267622,3.0,499.11890079507725,0.6077897533212188,1.0,0.0,84.61441488495409,0,0.3775345457779155
user_01664,16.469568025570524,1.1345748046428554,0.0,889.1818140070593,0.37142080357396706,1.0,0.0,,1,0.6559336420504976
user_01665,42.91363071188929,2.2702411918047845,4.0,216.3402804955672,0.7077561258945835,2.0,1.0,,1,0.16157688651433175
user_01666,25.481828111497766,1.0,2.0,459.5066769443771,0.27199842833485804,1.0,1.0,48.828741203742815,0,0.3206221395270441
user_01667,14.03862667758925,1.9399031938857927,3.0,573.5020225981751,0.4986129198094476,1.0,1.0,59.477596079526705,0,0.3105968950400606
user_01668,27.958158102684802,2.708347388683997,1.0,394.8938155528226,0.5445871621469284,4.0,0.0,143.43156783665188,0,0.5397792904946158
user_01669,17.01217046641828,1.921818381896307,3.0,465.53322737145265,0.6799248466867674,0.0,0.0,,1,0.23004435409749938
user_01670,37.9551841163016,1.1371464792279073,4.0,449.1523657629296,0.3682316081451028,,1.0,39.6491288257134,0,0.5572997953375612
user_01671,14.88978946975932,2.5434282515733693,4.0,620.260280186978,0.31374573362653896,1.0,1.0,,1,0.33927778888706944
user_01672,27.044674556058954,3.10769859839725,1.0,438.09575536606786,0.570584572849529,0.0,0.0,,1,0.377587413338122
user_01673,7.676367978708162,,,1006.3189948076002,0.32285131819778135,0.0,0.0,,1,0.721715229566558
user_01674,20.25522241152712,1.0,0.0,236.04644566530192,0.3830758401536911,1.0,1.0,,1,0.4776578617764857
user_01675,51.73694442755009,1.7530020530629429,5.0,305.30035216992195,0.6108514635390784,0.0,0.0,,1,0.22670625034543426
user_01676,,3.805720683938008,5.0,325.1083461581918,0.7106109512149152,2.0,1.0,33.04828703553812,0,0.14291587182647075
user_01677,16.18208685803685,1.9577228571984377,3.0,557.0478402430625,0.5597817534553379,2.0,0.0,160.5181847581325,0,0.2706231033563007
user_01678,17.342838827338763,1.0,2.0,210.0635653700688,0.7260257079080691,1.0,0.0,31.46667770107332,0,0.18098679737983728
user_01679,,3.9593120142810436,4.0,396.2772873787998,0.7424023529070984,0.0,0.0,,1,0.4774784742185861
user_01680,11.807186938617134,1.0,2.0,1021.7562800269469,0.20789587902515178,1.0,0.0,,1,0.7619211046324363
user_01681,10.016766489704885,,2.0,422.04802964203583,0.6532436928584995,,0.0,,1,0.30922779902460606
user_01682,6.464984609260693,1.0,1.0,789.0050861801989,0.13569062032111456,0.0,0.0,,1,0.755398849998298
user_01683,35.446780244674194,4.063147956318251,4.0,562.7627779719767,0.32388621760193054,0.0,1.0,34.33917116837557,0,0.19852162964102038
user_01684,42.850288832607895,1.0,2.0,452.7948243516669,0.3271127253589136,0.0,0.0,,1,0.6280250772880533
user_01685,8.421550345311159,,1.0,478.3708989825199,0.3194393198044477,1.0,1.0,,1,0.5057695992884057
user_01686,23.268098120808627,1.736326933369325,3.0,403.64704299627255,0.7920981274336485,0.0,1.0,70.75225440459323,0,0.17356225192228136
user_01687,20.062570496375915,1.0,3.0,173.56525980421944,0.5680478353646957,1.0,1.0,,1,0.2035555105137535
user_01688,17.113104126847613,3.092975803023991,0.0,618.6135893384666,0.501847648884607,2.0,1.0,105.12067611284425,0,0.34939879204976
user_01689,54.24635137790405,1.0,3.0,156.6654003937198,0.5443577340087175,0.0,1.0,,1,0.18743453440357513
user_01690,20.45585612538395,1.9226422938110546,2.0,495.75294257445603,0.5838157613812245,0.0,0.0,32.39390872242808,0,0.17220987408761945
user_01691,688.0967863599194,3.626364346267841,3.0,697.7054203820131,0.2599673462939224,0.0,1.0,,1,0.4956587075122506
user_01692,8.53883114496628,1.4903236495302428,1.0,478.49542225904634,0.5488553863553786,0.0,1.0,,1,0.5484545678692451
user_01693,23.766646484339695,2.9967932546404037,3.0,298.71634507933726,0.5787093112121521,0.0,1.0,74.08165176696328,0,0.17876272501711135
user_01694,13.49824418117714,2.056658586988156,2.0,765.4451314022124,0.2550765630355909,1.0,0.0,,1,0.6652090836057376
user_01695,33.227516613997544,1.0570825829826074,3.0,321.6057665416056,0.7130295189316997,3.0,1.0,111.17890682457526,0,0.16815019781917126
user_01696,35.42007157934697,2.2879608238855464,3.0,444.3713251618973,0.7097576191244511,1.0,1.0,45.39751437317836,0,0.15631494682092884
user_01697,41.347915517210694,1.8411836075483918,1.0,403.1812883662966,0.28827422717026235,1.0,0.0,,1,0.39284224198870643
user_01698,11.933303006665554,1.0,0.0,396.86976771775403,0.35231910041870557,0.0,0.0,150.9383807823688,0,0.6639601240240841
user_01699,,2.169025234847007,2.0,401.3291588022206,0.5619812170481512,0.0,1.0,,1,0.3192271451570728
user_01700,12.415456805647988,4.07428093071221,2.0,271.0196174654379,,1.0,1.0,,1,0.24239875938352454
user_01701,7.64197666764681,2.267963955702561,1.0,,0.5439704857303367,2.0,0.0,175.18106474180524,0,0.5533724509797316
user_01702,21.550961394759337,1.5684941356910092,2.0,448.1214719775825,0.5026258724926497,1.0,1.0,47.93234559690717,0,0.32032479188385
user_01703,14.876910885381653,1.9338429961638555,5.0,262.5704416736261,0.619640713386342,2.0,1.0,39.953748113745085,0,0.08124291238509163
user_01704,61.799401399194856,2.2676605928654907,2.0,480.08734727747714,0.3553165671471768,2.0,0.0,,1,0.4972647828138235
user_01705,38.319751852536484,1.0413399742842229,2.0,463.7551986241657,0.8477021323164591,1.0,1.0,42.89377308568052,0,0.18481460645430034
user_01706,36.08196606883965,1.8752390170773856,0.0,333.33894592117423,0.6159180587966903,0.0,1.0,,1,0.41741736337123786
user_01707,34.4627683739825,3.218463850953517,1.0,551.8285911129801,0.5817458597948492,1.0,1.0,,1,0.43627203187665087
user_01708,93.49037821169001,5.241161163152876,3.0,289.55575441820065,0.6460095140507841,2.0,0.0,62.22100715827355,0,0.21407304689874873
user_01709,,2.850005121860686,1.0,383.39055105980134,0.27758709050216807,1.0,1.0,194.14962169840226,0,0.5870158209582914
user_01710,9.77361965902885,4.4625295005029075,2.0,783.5915427463785,0.5197454737143451,0.0,1.0,59.54880307459354,0,0.5235355429412238
user_01711,34.2961437792225,2.2965075513303175,2.0,426.1689331400345,0.4853905749985822,2.0,1.0,27.75887027314564,0,0.40670103582617734
user_01712,33.65772854598534,1.7450100111811329,5.0,219.73310215089023,0.5137489704188767,1.0,0.0,,1,0.3064340976812228
user_01713,7.391353508613585,1.0,2.0,250.30056095163513,0.1581820557439572,0.0,0.0,,1,0.7642830652559075
user_01714,25.682570127329907,2.3832563801814532,1.0,429.28014062036084,0.7224947487168726,0.0,0.0,57.483846159315895,0,0.33740596771085274
user_01715,11.444366205062117,1.488186134119788,2.0,517.9563148168717,0.34273260607725814,,0.0,,1,0.6604048728330822
user_01716,15.967538190474984,2.2425326139394035,1.0,402.17995150335213,0.5828322843462334,1.0,1.0,,1,0.35871588474101873
user_01717,23.490813060439837,1.3117968684877466,1.0,780.6233033519593,0.5168949080344762,3.0,1.0,44.09621007546826,0,0.3908203432796726
user_01718,15.737868734104179,1.5135508538460503,,332.2823410638643,0.6125846988730098,2.0,1.0,,1,0.34196316505056645
user_01719,19.749460252517395,1.5179185177349053,,448.3471474852209,0.6389247007998434,1.0,0.0,,1,0.4572633794036067
user_01720,14.568723467792873,3.7928349157105963,2.0,208.52932420606817,0.6028388980210283,1.0,1.0,42.63326687478031,0,0.1794499317328285
user_01721,,1.0,1.0,558.5666686690436,0.4371332786839487,0.0,0.0,,1,0.6029230250365077
user_01722,23.569861830463225,2.506017320203485,5.0,617.4057274807496,0.16108382399235682,0.0,1.0,77.84912164962769,0,0.5486324590200418
user_01723,18.69074432521399,1.0,1.0,262.21948948958686,,1.0,1.0,48.05344961367879,0,0.49834438185818797
user_01724,13.701497854769045,1.4266477368950339,2.0,296.31656208217,,0.0,0.0,155.43059008795566,0,0.4343970012321181
user_01725,41.55867387323636,,4.0,264.0230930440853,0.5887665949359366,1.0,1.0,24.425464611927254,0,0.21679025592481474
user_01726,618.497485040546,9.214541808225848,0.0,368.22057204114134,0.8105016377861514,0.0,0.0,43.23853594696099,0,0.039353754605209845
user_01727,55.973780633082875,3.598612955897598,4.0,,0.8309916416817323,0.0,1.0,,1,0.13174408473566543
user_01728,19.980981617811114,1.5102200800395698,4.0,538.593692795904,0.6143222797228025,0.0,0.0,27.28017714824399,0,0.44047689446952965
user_01729,13.555120985737174,3.1303800116011136,0.0,748.6058834992461,,0.0,0.0,,1,0.7789878717823877
user_01730,11.75420167427102,,0.0,708.9397349980981,0.3097414075113624,0.0,0.0,,1,0.6309116924283243
user_01731,22.534338523952236,1.7398474835884892,1.0,365.837120762514,0.7645009842288443,1.0,1.0,70.7010619024276,0,0.2708654443223029
user_01732,20.05870521194149,1.6140160164954185,2.0,359.48817772847343,0.6482904001974121,0.0,1.0,71.08323807359356,0,0.2566784818047185
user_01733,36.075308991903654,1.976367224446299,1.0,272.2809204663908,0.6820990863887981,1.0,1.0,21.85826088229819,0,0.04926000782700505
user_01734,22.229897784473316,2.534476880790161,3.0,635.2298783123671,0.30848698435357935,0.0,0.0,,1,0.4107264626372751
user_01735,24.89571785103801,3.5840875416825515,1.0,291.6358229104276,0.3687517665156193,1.0,1.0,78.56272879390846,0,0.3765118874621012
user_01736,100.85670283325888,3.220044672123523,2.0,192.86148225280917,0.4567455285587937,0.0,1.0,26.022482691154153,0,0.256805195815185
user_01737,39.25389623671231,1.7939141401637744,3.0,270.53397608506646,0.43103124073349364,0.0,1.0,32.48942479253608,0,0.3192397631192859
user_01738,67.03688963814331,4.565928874824351,1.0,147.5590730139643,,0.0,1.0,46.21894775689131,0,0.3625181366829824
user_01739,40.213444363394125,1.1647825567849768,2.0,371.07329378282316,,0.0,1.0,70.94802450038796,0,0.5001256799147022
user_01740,42.936561477134184,1.3802430832234789,2.0,545.1990036585796,0.6137662004517395,0.0,1.0,72.1766300586088,0,0.26273881541662625
user_01741,12.301404256656664,3.1956453094934685,1.0,468.9214908101471,0.3701625984891053,0.0,0.0,,1,0.581232090889992
user_01742,32.022606545994094,4.809359648353228,0.0,236.06446251060422,0.594248364903311,0.0,1.0,82.79253572314539,0,0.1603837258393367
user_01743,33.557512495794214,4.040905725752239,7.0,,0.7378761941066896,0.0,0.0,40.44291465556365,0,0.15910827877507122
user_01744,18.02330048274939,1.782127183428251,1.0,626.6159090075413,0.26252304671823046,0.0,0.0,75.44889364821834,0,0.46329823126882475
user_01745,46.58040639410085,1.0,1.0,607.2205016606559,0.6695331161866525,0.0,1.0,24.15230838521431,0,0.25138126106261843
user_01746,37.94169758892012,2.915935680825446,4.0,313.35761485862315,0.718256136670865,1.0,0.0,93.83292407476465,0,0.05922731110252483
user_01747,29.23600485327082,1.435695862420129,2.0,436.10942180412167,0.5660764136759155,2.0,0.0,68.45307230908719,0,0.38195790275054975
user_01748,24.57231853828369,1.0,1.0,306.0666484984655,0.6190249054382574,0.0,1.0,67.38542926275251,0,0.34729723240214283
user_01749,13.774589345281278,1.4366631555245384,3.0,,0.46762094379227814,1.0,0.0,74.17246277733507,0,0.44956389746042125
user_01750,13.517868447254948,2.189130233853754,2.0,349.54751197815057,0.5323461592208443,0.0,1.0,,1,0.32092991502801516
user_01751,26.880477850231713,1.561921223328365,1.0,372.84909360122725,0.7374322027801071,2.0,1.0,90.72062260738535,0,0.2704290319986594
user_01752,20.226369451357137,2.5148481346518503,2.0,298.5021882708704,0.7220841222106308,1.0,0.0,83.9771228674876,0,0.19830934565679673
user_01753,44.759975589372424,2.9018798090886015,2.0,484.8002039120628,0.4079057912129109,,1.0,,1,0.29444798211589096
user_01754,11.087085723197816,1.5607597230396066,1.0,350.5642939653531,0.6288490286703486,0.0,1.0,,1,0.35135874676257667
user_01755,60.377303176989756,2.2496656794794005,6.0,166.57502840046288,0.42971798177368076,1.0,0.0,45.39822976152946,0,0.17438950094253625
user_01756,27.23016701045526,2.8346437819197328,3.0,483.6274742050871,0.5347211794571329,,,99.93734824276152,0,0.41753405209133343
user_01757,27.084454473353578,3.0090512051189995,2.0,632.7583450030919,0.5028077404500391,1.0,0.0,64.7230521595139,0,0.4196070317356386
user_01758,10.688147140567967,1.0,3.0,407.16065070134925,0.44350088002435095,1.0,,78.01574143078241,0,0.2472368319679848
user_01759,15.56357384316748,4.432662445718808,1.0,460.56068724084764,0.45245482300660034,1.0,0.0,,1,0.44101072352500886
user_01760,32.385145010511714,2.982430582465216,1.0,606.7728108218784,0.41082365968432216,1.0,0.0,99.34444301192705,0,0.31919760710165895
user_01761,20.489826968495443,1.0,3.0,414.09952357549906,0.18426107429365837,0.0,0.0,,1,0.8043613402896395
user_01762,50.18545002538759,3.0668233111963885,1.0,,0.8304884949863774,2.0,1.0,20.099448815356926,0,0.05276043012051261
user_01763,22.000223459944948,1.527244180754055,5.0,825.1674425444596,0.32753142000042657,0.0,0.0,177.4987554325364,0,0.4399297121048058
user_01764,70.03140587322822,6.196151904768624,2.0,326.155160173894,0.6054053543795782,0.0,1.0,123.99474884353819,0,0.19301681087552022
user_01765,12.0236631185792,,2.0,331.0685820663638,0.6196960019302736,0.0,1.0,,1,0.45050183334147587
user_01766,22.929746194144577,3.5120500569773236,3.0,676.1607669688493,0.4792560926536548,2.0,0.0,,1,0.3042663252597168
user_01767,41.12555888285042,2.2712831380363045,,521.2213432886188,0.3534713647256899,0.0,0.0,,1,0.6279845451717468
user_01768,18.99774811176335,1.0,1.0,707.5013538321494,0.5498742184437478,,1.0,,1,0.4956233617273014
user_01769,,1.3472740831651826,1.0,253.5615111217857,0.5128059233308488,2.0,1.0,101.0683448332761,0,0.24054301540451742
user_01770,7.772836602795043,1.8040115131493206,1.0,941.208557863669,0.22982634896758952,0.0,,,1,0.7884318448542894
user_01771,12.661224706590236,3.2295678965183185,1.0,531.0685581966029,0.2959215909360595,0.0,0.0,23.19520708953545,0,0.7117643162837379
user_01772,15.77755107096111,1.0002080025065172,4.0,429.3091321053146,0.465980182474391,1.0,1.0,109.80511940169386,0,0.4363135582456455
user_01773,18.71065663403178,1.0,2.0,414.5145901807271,0.6607050328175821,,1.0,89.54817044014253,0,0.5099412833017432
user_01774,26.556276102458245,1.0,1.0,754.8283386047952,0.31594415665112585,,0.0,,1,0.7037768068876029
user_01775,32.664030924864605,1.0367187054163238,0.0,599.7177823123754,0.5404888099756755,0.0,1.0,,1,0.5991176045375264
user_01776,24.528905262499947,1.9210935759490078,5.0,316.0975544242022,0.6276424478460126,0.0,,67.01594872136259,0,0.18323211650152674
user_01777,45.63086797961076,1.46365039204727,1.0,293.54556797021945,0.5593154330123826,2.0,,,1,0.28917405760377596
user_01778,19.667921182003006,1.0,3.0,891.0634950476547,0.25729690069781425,1.0,1.0,,1,0.4257890388455313
user_01779,38.122259252997495,1.0092320598750437,1.0,352.83167979945284,0.5797836584776128,0.0,1.0,,1,0.25225682256565446
user_01780,45.285616424205486,1.3591374484735836,2.0,189.14381026142203,0.8462257091958942,1.0,0.0,23.087562415412318,0,0.11533479358355164
user_01781,82.67794776947576,1.0723045361152548,2.0,238.9008960064008,0.427784998061315,0.0,1.0,178.8467165430662,0,0.35632866898813687
user_01782,17.85485776505182,2.4292466387671134,2.0,576.8666948860014,0.266833523398062,0.0,0.0,,1,0.47269995852169516
user_01783,19.582785120041745,1.0,0.0,270.67738534641904,0.43823640728203994,1.0,0.0,23.377502708026373,0,0.16383490545079474
user_01784,24.841439759016236,105.47018573133128,2.0,1077.3577749172073,0.3495711735211464,,1.0,,1,0.43728884446821364
user_01785,15.617229715106715,1.5030535936466587,3.0,874.3196082637913,0.48159390487257975,0.0,0.0,,1,0.6866177382087808
user_01786,,,1.0,9109.697892549106,0.5757962448632169,2.0,1.0,27.519249520511316,0,0.10317054709160564
user_01787,27.1785576831211,2.09455935755514,3.0,213.5314760428438,,1.0,0.0,66.36216758896191,0,0.021949831178748987
user_01788,18.97178640368222,1.0760682021046548,2.0,335.5261734738626,0.24410862328999477,0.0,0.0,,1,0.5168742310878377
user_01789,25.680925203357035,5.02747089386725,1.0,441.4841195326187,0.5622891118890591,0.0,1.0,14.649483211591741,0,0.2468791210844571
user_01790,31.987488336903922,4.520885869364538,0.0,441.14950276516396,0.29037992433839654,0.0,0.0,59.569317809175054,0,0.5149240641002221
user_01791,39.27708264700438,3.3481169920049427,5.0,200.995121002355,0.22852150953138714,0.0,1.0,192.82762682949866,0,0.4254361723881486
user_01792,26.021155347742916,2.1865531641075755,0.0,114.29616346657627,0.8358250129768416,0.0,1.0,50.76640196408552,0,0.05603613040532079
user_01793,49.098033164395765,6.846189386439627,2.0,188.3135306217058,0.815667448683643,0.0,0.0,,1,0.1423218463770963
user_01794,,1.0,0.0,761.4065338148639,0.16518578798322162,0.0,0.0,213.16613587129942,0,0.8619128235459826
user_01795,21.74964337252566,6.811086356702217,2.0,575.9844316895707,0.41787373488670304,0.0,1.0,61.23529306025618,0,0.4554482875717846
user_01796,15.342264446785393,3.8941894893626348,0.0,580.9098138480825,0.5179185506297918,1.0,1.0,,1,0.2944123189427197
user_01797,35.6394705689624,5.273928043964287,1.0,730.6789680826104,0.4795196257149479,,1.0,,1,0.438614598779714
user_01798,26.860521533999954,5.169438014675575,1.0,329.08571907266065,0.6171102242691913,1.0,0.0,43.331923348006605,0,0.2586332831196973
user_01799,,,3.0,400.62259134486646,0.6889043869221099,0.0,0.0,,1,0.17859722938351336
user_01800,41.730603757887046,1.656392516702151,1.0,530.0693670613726,0.35878661516805,0.0,0.0,,1,0.39733788293552325
user_01801,18.658249493174985,1.0,2.0,472.18764649839216,0.38701390128823804,0.0,1.0,,1,0.6293069115554858
user_01802,73.44934453449308,10.432279464043813,3.0,221.8587646516956,0.8321114937190321,2.0,0.0,28.081383767580366,0,0.04204636802958896
user_01803,62.77750475855551,1.7970261498027884,1.0,260.2131231498547,0.36052010724253547,,1.0,54.22071324493196,0,0.2513032546253049
user_01804,24.445940360309013,1.6335665590327646,3.0,286.86117606733177,0.5432376057991958,2.0,1.0,,1,0.2033958989092677
user_01805,48.34558460899863,3.685872726980912,1.0,607.1464964383139,0.5136358319592972,3.0,0.0,75.025402563309,0,0.27534734625549895
user_01806,9.835220402446575,71.00837122655675,1.0,669.6457434206037,0.3031025636109987,1.0,1.0,84.54531241070549,0,0.7783030358541079
user_01807,30.84837294938023,,2.0,405.5934193429806,0.6555040741137772,1.0,1.0,76.79462364502618,0,0.33614342222668303
user_01808,19.145164342929366,1.0,1.0,605.622589384106,0.24792196983351122,0.0,0.0,76.76543074422436,0,0.7864125958597554
user_01809,15.42310307896821,1.0,,600.2360664081132,0.21167660685894588,0.0,0.0,226.63382883030337,0,0.8110889420714074
user_01810,34.14207329482405,1.0,1.0,286.0849438067212,0.5128396176296153,,1.0,40.37926663075462,0,0.357764331433069
user_01811,18.136409618014795,1.041869366280312,3.0,449.623802344588,0.4190151306265454,0.0,0.0,190.4061583344976,0,0.4233807221675434
user_01812,18.212134749113616,3.925193885606775,2.0,445.5628970845625,0.4375952064669329,1.0,0.0,35.42723115957986,0,0.15401668083415393
user_01813,24.88842797614437,1.7854213487755461,3.0,402.46804879322434,0.7919132348281019,1.0,1.0,26.76011234960102,0,0.3690081909118504
user_01814,25.578173757929026,2.467072424160841,4.0,6132.540935997747,0.3057512508103632,1.0,0.0,46.972293532064924,0,0.309208474299844
user_01815,41.68591527667653,1.5259337322376372,3.0,478.25102540785645,0.3710938232969853,1.0,1.0,,1,0.41487685332898055
user_01816,20.291686203681568,2.5086284803874346,4.0,222.23140694917345,0.586545871091357,0.0,1.0,70.66024287586767,0,0.2760124175861252
user_01817,38.748540041409235,2.1336034362407137,,367.71603081980504,0.2896244163885125,1.0,1.0,135.35481359900325,0,0.43483703751894515
user_01818,18.78107831886731,1.9774736288795944,1.0,526.8254511673467,0.6121725900002389,2.0,1.0,21.63031132318545,0,0.1665392629818913
user_01819,,88.25904742894949,3.0,605.3975360554379,0.3194893187980549,0.0,0.0,,1,0.33622439029328255
user_01820,23.895413928374722,1.3985874292665446,1.0,518.3501421487093,0.549329150768731,,1.0,134.69687282992183,0,0.2534679575839065
user_01821,20.360827274485768,2.439902353205402,1.0,571.7670823381317,0.43356076786879577,,,213.4826632747013,0,0.5346113801935027
user_01822,42.9746594792141,1.3979132333901163,1.0,320.33311250655623,0.7782016125826386,0.0,1.0,19.51906369936396,0,0.23147733486325897
user_01823,415.71904874790016,1.1296971459162182,0.0,330.3459576250712,0.4401395388347035,0.0,0.0,,1,0.43769865026276267
user_01824,36.276777510803434,1.445861516884788,2.0,766.0250650582436,0.24619665010709518,1.0,0.0,120.28297359291707,0,0.6783895397492614
user_01825,11.785393360552227,1.0,1.0,411.3414521953374,0.36226788350416483,0.0,0.0,,1,0.5696019637871961
user_01826,27.35886837084628,3.400500429250363,2.0,159.19716389261632,0.6653242210519537,0.0,1.0,27.507918822543587,0,0.07801793585093854
user_01827,101.74094927878762,2.842553469969392,1.0,240.81583883868177,0.4748541377507077,0.0,1.0,40.71256518393151,0,0.13750159866197562
user_01828,,1.1224854375628746,1.0,724.3577959680764,,1.0,1.0,125.74398201442241,0,0.4775927323833656
user_01829,38.11535312164191,3.6472907193860626,7.0,375.61947535300845,0.7999433590213775,2.0,0.0,22.234093571675412,0,0.2245834263491506
user_01830,17.204654719669392,1.0,3.0,446.75107818575805,0.7025051507387481,0.0,0.0,,1,0.47955286855406026
user_01831,25.645893610486276,2.3035782224100343,3.0,581.4213828967613,0.42334685787604986,2.0,0.0,55.60415633211759,0,0.44232233170060725
user_01832,19.651801684240596,3.1463779229767486,1.0,1009.9812187651395,0.36080477692870633,2.0,1.0,35.173327549771564,0,0.5087272297075599
user_01833,46.67664768369723,3.4049626660141987,2.0,292.5330369454159,,0.0,1.0,38.788660356573715,0,0.025996776001099734
user_01834,10.909677798918453,1.0,0.0,1536.050207224437,0.30310771590286206,1.0,0.0,,1,0.7526726839863044
user_01835,54.5359286906331,2.9868177410805656,2.0,344.91278890048886,,0.0,0.0,,1,0.2178686188373912
user_01836,60.62300918943206,,4.0,140.56936644216597,0.7499475133485849,3.0,1.0,35.70888964237036,0,0.06113962025378287
user_01837,12.124631057494604,1.1205338771074966,1.0,559.259696830004,0.5752436101217321,2.0,1.0,177.24505546882472,0,0.37416191298947943
user_01838,,1.0,,756.5895064084998,0.4039493811832681,0.0,0.0,131.55698811320988,0,0.8284969089934908
user_01839,44.49254015295526,2.6804107397298926,1.0,261.653631603187,0.7035007231396615,1.0,0.0,,1,0.25581121206368224
user_01840,11.216713945023415,1.397684265866209,3.0,515.0444490383362,0.5704808158251801,,1.0,,1,0.19845765829976425
user_01841,21.172189400066333,1.0,1.0,1300.239272295369,0.3589079874414763,0.0,0.0,,1,0.7125620279827166
user_01842,18.496098989386002,1.9677834060494557,2.0,543.1669650724834,0.6631453028257938,0.0,1.0,,1,0.42737282284373324
user_01843,,2.0703107257968245,2.0,,0.2746083184900282,0.0,0.0,78.52012569766069,0,0.5264531103618366
user_01844,112.15701753663639,2.7534590914244648,7.0,266.46843567034176,0.41855515354554484,1.0,1.0,44.11812040189539,0,0.2826024923761099
user_01845,19.379594333897778,1.0,2.0,353.30932642262684,0.6900925658257804,0.0,1.0,40.66952095143733,0,0.26361359431842357
user_01846,67.15036328817115,,3.0,382.0391156880932,0.3729773808729418,0.0,1.0,,1,0.27263688065791736
user_01847,54.34677725183991,4.536208086899949,2.0,456.7324808311312,0.6369422894567504,,0.0,29.1494011430635,0,0.22079099318964326
user_01848,30.843434244302188,103.70737124767068,1.0,330.60057330461154,0.6793317718923602,,1.0,76.58718927196146,0,0.1116409792175482
user_01849,15.060485914465112,1.9308261433892535,0.0,1166.8086423358607,0.46552005000451285,0.0,0.0,,1,0.6713529211716031
user_01850,92.15083372106473,4.093665886291925,2.0,227.87317953761212,0.551496046549135,0.0,0.0,48.83061687652163,0,0.3158985582054681
user_01851,17.67554718043527,1.2472286363107465,3.0,662.2656432453851,0.37490325328180935,0.0,0.0,,1,0.6488136215550441
user_01852,37.4043821901753,2.203173388172078,1.0,970.6757848123503,0.611881977810422,0.0,1.0,,1,0.3417252593005329
user_01853,21.07189688270458,1.9234612144172405,1.0,548.467168801669,0.42731514439995666,3.0,1.0,100.857939036978,0,0.44364390692736605
user_01854,39.205236945839836,2.3867236364848914,2.0,235.22520868100787,0.7291651274558233,1.0,1.0,57.00443991790931,0,0.08276057137465195
user_01855,6.121050252186831,1.0,1.0,413.9072537047909,0.3225008061884925,,0.0,197.49923231874342,0,0.5390280032078666
user_01856,6.04744041722099,1.506735750180869,0.0,619.6585643081382,0.564122858869343,0.0,0.0,135.72494079405232,0,0.6375059592309172
user_01857,29.924987148100204,2.5442195081927186,1.0,263.7789940712712,0.6822120550858715,1.0,0.0,,1,0.46576158057950356
user_01858,13.626241485118939,72.09641240417919,3.0,345.38397553046445,0.6569088411277817,0.0,0.0,53.51305103923855,0,0.450655799903685
user_01859,8.490754248456751,2.4553212452346727,1.0,935.6239718651133,0.2009008753184528,0.0,0.0,,1,0.5469315958064631
user_01860,11.158975152143089,5.456379977810746,1.0,448.1728084232306,0.4613868603834073,1.0,1.0,18.8624463068758,0,0.23662631863985253
user_01861,22.927340937298645,2.0511902590896907,4.0,310.10074040937394,0.7386299482780115,0.0,0.0,74.46990749808981,0,0.23630083846996947
user_01862,,2.0761738740352573,2.0,463.2643106128139,0.2361931686398411,2.0,0.0,,1,0.592054863850465
user_01863,11.235766150198113,2.805679009208966,2.0,626.4334442273519,0.1926564332057295,0.0,0.0,201.25464886873073,0,0.6157297575497243
user_01864,37.55453366764202,,2.0,153.36623659575932,0.7769152424498875,1.0,1.0,27.256977598816697,0,0.1573561042714052
user_01865,36.05422463762917,2.057812282537901,0.0,702.9613616921442,0.3219372254621273,,1.0,147.7007587067003,0,0.41379518916848074
user_01866,14.269485793525838,3.1925428835473957,1.0,240.09941543780272,0.5155911446431645,0.0,1.0,156.5431573882994,0,0.32140145663750797
user_01867,17.240557234957873,1.3637086081137664,2.0,701.8199263439319,0.270841159826161,1.0,1.0,107.74845198324113,0,0.4551810211026661
user_01868,14.119340077457027,1.201100737534021,0.0,671.972745157639,0.3442151752214417,0.0,1.0,202.22620229862557,0,0.6120313327392913
user_01869,34.43436956803592,1.0455185149820967,4.0,,0.632327626435552,1.0,1.0,72.28995101756242,0,0.2399219999174596
user_01870,14.362167703448097,2.204807679021188,2.0,494.2662409693692,0.6977084488005685,0.0,0.0,,1,0.46188822449567013
user_01871,30.367126865858005,2.071391810814652,5.0,334.62896085528126,0.8336700662756565,2.0,0.0,30.139385878391078,0,0.08717738492331838
user_01872,10.748906285854977,1.0,,748.6866080487137,0.2693692927799649,0.0,0.0,,1,0.7899964840455581
user_01873,32.43285167753303,2.858600920735159,2.0,262.91275288443694,,0.0,0.0,51.37350047040714,0,0.11880329358485206
user_01874,11.371787665020529,1.894962949061988,0.0,9863.497723697968,0.48261383840068667,0.0,1.0,,1,0.43572948533037054
user_01875,16.447036033167247,1.6978501463243982,1.0,407.0912311256103,,1.0,1.0,,1,0.488910306388497
user_01876,17.347007290902226,3.6089567915160212,3.0,331.0877450713137,0.22822561741716635,,0.0,67.96236998097122,0,0.34168379727176723
user_01877,15.036827868519765,2.29511564508921,1.0,373.37773897390235,0.27404238893439686,0.0,0.0,30.57227503277786,0,0.3032569316358662
user_01878,19.1976908521642,9.53033010634236,2.0,383.1661963450344,0.8990669666526308,2.0,1.0,37.801277646670165,0,0.037429859933092696
user_01879,14.070084639349533,2.69764411338111,3.0,594.6993067161092,,2.0,1.0,56.55772043964727,0,0.3252796175589038
user_01880,3.5130633648463863,1.0,1.0,870.4292501260845,0.19969332123809758,0.0,,,1,0.7747394818856864
user_01881,59.728836007096724,6.39115900862781,0.0,402.2052696816404,0.3733149451130782,1.0,1.0,,1,0.3193685093376902
user_01882,19.609866857405915,4.136276435906967,0.0,424.9796643432862,0.45156004108154224,0.0,0.0,83.56160772423317,0,0.29777614865033436
user_01883,16.78174963629355,1.4669552299379758,1.0,341.07435313965846,0.7053718888542017,0.0,1.0,46.682233692746586,0,0.2742109044524859
user_01884,21.669641773388523,,0.0,136.96011710146854,,0.0,1.0,66.36900382267606,0,0.13076348160905135
user_01885,,1.2026548430421777,1.0,,0.6852454924562791,1.0,1.0,130.62487536048025,0,0.3433294356600789
user_01886,16.2578788289086,1.0,1.0,270.4277499816759,0.6895342912237441,1.0,1.0,25.181660864445078,0,0.11923567143152823
user_01887,13.493227263003936,,1.0,153.9721664439745,0.6234229743859216,1.0,1.0,,1,0.2997106411598513
user_01888,30.985515702726115,1.2142340124975366,3.0,510.7585676244094,,1.0,1.0,43.79114000178329,0,0.1474922335414033
user_01889,19.656979041594752,4.675866390449942,0.0,423.1630930007472,0.5517312930542299,0.0,1.0,,1,0.5606334044398583
user_01890,24.273863138564835,2.6262198196091395,1.0,118.12012354532163,0.5398458063025803,1.0,1.0,48.77535031980712,0,0.14532647652657693
user_01891,40.41268859650245,2.916847699605428,3.0,523.5268878788514,0.6905663513806086,0.0,0.0,91.31784987266163,0,0.23253028834529726
user_01892,366.66450740539034,4.84606023805944,2.0,511.2434116973425,0.4986196814015474,2.0,1.0,169.96221599041235,0,0.25248233082715715
user_01893,48.32823754795337,1.0,1.0,283.2159564644505,0.3639665039818944,0.0,0.0,,1,0.6454588902990234
user_01894,53.442859252354964,3.049094689379303,1.0,266.70588799641854,0.6812339618958049,0.0,1.0,19.637167748125176,0,0.1653478938064095
user_01895,11.670525091351616,1.0,2.0,894.0372110818586,0.30209071911772506,1.0,0.0,,1,0.7279038956857233
user_01896,,4.849702283337134,,378.71940342249525,0.6066070229459557,0.0,1.0,45.66728270028078,0,0.21161796377879777
user_01897,42.210701427143235,5.821367843557793,2.0,280.9287934803673,0.37173962073220645,1.0,0.0,112.65530080511878,0,0.46637930948531614
user_01898,23.56765810094703,3.337547839155796,0.0,139.34756342124416,0.4863999909002786,2.0,0.0,113.81753492928812,0,0.16989471817790733
user_01899,57.79054389353178,1.9615556273116341,1.0,326.90305906228417,0.32799510270009025,1.0,1.0,163.95921517896855,0,0.23294379847475705
user_01900,7.088530576539665,1.0,0.0,775.3547443094583,0.05848260592556782,0.0,0.0,,1,0.8731452950792797
user_01901,26.607137979295015,1.619202196141136,2.0,161.34747266967724,0.6026301955339765,1.0,1.0,67.51517413888108,0,0.315950423059758
user_01902,35.84182398135947,3.056367349799414,2.0,445.0662957792991,0.352225604951766,0.0,0.0,,1,0.4716356868183023
user_01903,52.24479451943534,4.484516921850118,1.0,297.0283106931809,0.7826005518678983,1.0,0.0,100.85544523518284,0,0.21212843637496248
user_01904,12.174107582334186,1.7079728282798032,1.0,730.7473664352895,0.09643242790378806,0.0,1.0,,1,0.8147391178644527
user_01905,38.644985322543334,4.769327131343852,5.0,197.42831679319247,0.3903865752504908,0.0,1.0,,1,0.28443403146665264
user_01906,14.282667010389728,8.782514998915792,1.0,1553.0406588985506,0.3647031525259309,1.0,1.0,,1,0.5360779686827024
user_01907,24.56707525916891,2.875557890745437,4.0,203.99442945178586,0.8908789869935269,1.0,1.0,53.458877438492735,0,0.17140999416556327
user_01908,23.818012111240378,2.3171309914161857,1.0,540.941844177614,0.47003545772187977,1.0,0.0,,1,0.5306959504376614
user_01909,21.016840351257965,,2.0,380.84441315152856,0.8182358454711148,0.0,1.0,28.34435075950823,0,0.1336304487975243
user_01910,8.398510254633258,1.0,1.0,691.7027097440747,0.4078164634732973,0.0,,117.18473667884018,0,0.7563603905462265
user_01911,38.17454924176246,1.0,5.0,337.2635153640627,0.3823945457286435,3.0,1.0,130.03724118535055,0,0.16069257804495402
user_01912,30.76264857650136,3.0392152328830866,1.0,256.66816230919767,0.16569050627407114,0.0,1.0,,1,0.40853690605161924
user_01913,50.649420651113125,1.402837751998053,3.0,154.57889864911206,0.6233808863123559,0.0,1.0,73.90958860137505,0,0.3440718058572098
user_01914,20.218377468957748,3.9021258713204574,4.0,514.5870889284448,0.5110051606592522,0.0,1.0,,1,0.3733037545454779
user_01915,14.923724570654098,1.0,2.0,216.3988120566624,0.2910614746750741,2.0,1.0,29.237965498776024,0,0.18538539722002165
user_01916,12.747730103304855,1.8752860885255342,1.0,321.42964208478344,0.36055152755096087,1.0,1.0,127.64684210945438,0,0.25735739373612276
user_01917,10.605789671644711,3.7259837879653133,3.0,281.6501192898722,0.4303443729195615,2.0,1.0,36.039351796655005,0,0.36119891098684775
user_01918,26.14335564024691,1.9107564162066724,3.0,244.98251990016163,0.6631388390383745,1.0,1.0,29.409069000213428,0,0.11741849287856217
user_01919,16.603257366765437,1.0,0.0,599.9529789507659,0.08959346500732203,1.0,0.0,,1,0.7283328923415511
user_01920,29.841666931792858,2.886058751910645,1.0,339.2729239101798,0.3567295408543978,0.0,0.0,,1,0.5986977919793393
user_01921,39.52369732524335,2.863861651920902,4.0,273.9060374989995,0.7630513552305638,1.0,1.0,81.82306096639216,0,0.1595708472778562
user_01922,17.058086066484982,,0.0,1068.3001525389195,0.35982317646359513,0.0,0.0,107.07682647492236,0,0.7463695140410281
user_01923,637.577511381003,1.0,0.0,808.2599199822643,0.22176828162740844,,0.0,,1,0.7659739851642595
user_01924,685.4879897181016,1.6750085543053204,1.0,290.7125273094587,0.16418040052407598,1.0,0.0,78.05922398490443,0,0.6399046875499561
user_01925,49.028751692751705,1.9571383447125117,7.0,286.465170525425,0.4101284484878519,1.0,1.0,16.61404908286273,0,0.19394004440971646
user_01926,11.125202039459102,1.0,1.0,393.18079621712195,0.2909289350712381,1.0,0.0,112.63420418214561,0,0.5647613584447485
user_01927,13.601983946690556,1.0,,266.6735000981908,0.40358281517047917,0.0,1.0,114.80236871835147,0,0.4127916772511782
user_01928,6.09185777618185,1.5140302837781625,0.0,298.162666061254,0.31760531649275353,0.0,0.0,,1,0.5288803089541895
user_01929,15.739480349807035,,3.0,194.50360490110953,0.2786337411250156,0.0,1.0,,1,0.6179055525226465
user_01930,13.547204429232007,1.3301687877313124,3.0,167.52765435356045,0.5606970759083761,3.0,0.0,99.11167598623588,0,0.25895759301799776
user_01931,32.88993847956953,2.2107330941576686,3.0,413.2865046387783,0.6798508833217259,1.0,0.0,62.90344497237896,0,0.18566610102451836
user_01932,17.44848727749309,2.130588042228091,3.0,340.42799954844884,0.4961948127235381,0.0,1.0,159.21810692264515,0,0.4782849523565917
user_01933,43.23012023582177,5.292209506344484,3.0,350.7226755775761,0.36806733773085826,2.0,1.0,32.68268103329923,0,0.3742320120278717
user_01934,18.942017094189172,1.054018334588157,3.0,724.5519595776994,0.3728288348974001,0.0,1.0,,1,0.5232275315491093
user_01935,14.660573381855341,1.0293202366847487,2.0,377.7767902330335,0.4701993392330593,0.0,1.0,127.05039463744794,0,0.3600800607839646
user_01936,30.827766419079783,6.396902370173258,1.0,208.19484335176014,0.5845633737736946,0.0,1.0,30.770532554642962,0,0.223483246119009
user_01937,18.152075048243653,1.0750282420755617,1.0,609.9942301197584,0.2314036036303469,1.0,1.0,,1,0.5105370756668345
user_01938,16.956835228714944,1.0,1.0,1430.1297421701715,,1.0,0.0,,1,0.6335294770341701
user_01939,9.862619846114294,1.0,5.0,377.2780402383048,0.26301838688378687,0.0,1.0,,1,0.40731054161264474
user_01940,17.706815141821206,4.247035393764214,3.0,181.7782300656159,0.517805675029265,1.0,0.0,56.9214688702039,0,0.21968696211333338
user_01941,30.03118028153203,4.048595297558596,1.0,486.0758327236557,0.23736752739718986,1.0,1.0,104.44213009722206,0,0.616222790391769
user_01942,,1.157051250893226,1.0,639.6728250805594,0.5853867257102696,1.0,1.0,,1,0.31402263347337933
user_01943,17.782724378720633,2.2007187024229227,4.0,514.1251287585434,,3.0,1.0,,1,0.5600619777295436
user_01944,43.55037645093253,1.9329237260565526,2.0,192.67394580993258,0.8400656099834579,2.0,0.0,,1,0.22257862149622795
user_01945,8.273523710558958,1.0412818493556257,1.0,1007.5115651799115,0.31129849121068315,1.0,1.0,51.123818502604394,0,0.49414569849838846
user_01946,16.462283843759373,1.2037020303067152,2.0,588.3009359776678,0.445717584207108,0.0,1.0,303.26494442905766,0,0.5222950541639573
user_01947,16.739023538058337,3.0382073503157594,1.0,372.0297593799638,0.4947209712534751,1.0,1.0,40.739602869581255,0,0.33439041018228055
user_01948,26.251022628242154,1.0,2.0,7080.713323194432,0.3180632392220436,0.0,0.0,114.40048706215897,0,0.5639533985513536
user_01949,65.75899180100626,1.0,0.0,,0.5486717258183004,0.0,1.0,70.65061533040148,0,0.242169894166322
user_01950,24.907414858395843,2.051350963298669,0.0,289.2404260187029,,1.0,0.0,,1,0.4238597794915523
user_01951,44.04837419480765,1.720638159001563,6.0,281.01637520934526,0.4495838483660733,0.0,1.0,,1,0.3124781675565998
user_01952,28.694699563730527,,3.0,442.32884167231003,0.4487274320655007,1.0,1.0,,1,0.44273305242433636
user_01953,11.4007067674261,,1.0,1003.6537974639649,0.15170330694322098,0.0,0.0,,1,0.8477278446119445
user_01954,14.26374619057305,2.2627993828568864,1.0,,0.5491424517020395,1.0,0.0,123.79771262058425,0,0.5726120658824819
user_01955,15.933825822127705,1.0,1.0,392.30092648405656,0.3252512863415902,0.0,1.0,40.29669249981713,0,0.5615818467762512
user_01956,13.457201234304744,5.680634809900571,4.0,323.81232824885996,0.5565340328315439,3.0,1.0,20.10694933948482,0,0.2897080400157484
user_01957,63.35984830700134,4.136821363244982,3.0,459.89649607360235,0.5995503312220558,2.0,1.0,111.34595286862518,0,0.18095036541758594
user_01958,9.247096902947082,1.0,0.0,547.6537235272269,0.3562768300914267,0.0,0.0,,1,0.7429584590492607
user_01959,22.122202224955103,1.9950777905909995,1.0,820.9673349791742,0.4955253940372969,1.0,1.0,,1,0.6002550173199157
user_01960,15.192109045223223,1.0,0.0,506.0324119309713,0.21987166164345778,0.0,1.0,,1,0.6091657014265041
user_01961,25.980094310208703,1.8621826016739136,1.0,486.86709930047965,0.2169860619586242,0.0,1.0,,1,0.6565068220359886
user_01962,49.34666246420719,1.1953511288817238,1.0,541.3272011087956,0.4626604427240035,0.0,0.0,,1,0.3107949017691561
user_01963,12.621711205262914,5.331303647246669,1.0,343.1630618735997,0.4756869505669995,1.0,1.0,,1,0.41369101198081176
user_01964,48.02714493897885,4.168377726260845,5.0,796.5597292425814,0.5929888604770401,1.0,0.0,57.512660086012104,0,0.33281587779994204
user_01965,48.17921586606451,1.888548540364296,2.0,277.18174729316956,0.49515162984711364,0.0,1.0,20.074546825745063,0,0.26768981303295986
user_01966,115.74011335955318,3.5217284630289014,2.0,294.0928875454307,0.26915244886496165,1.0,1.0,113.0700444924295,0,0.4945246214396891
user_01967,16.620562272649266,1.0,1.0,1103.9947903533332,0.43828560548712864,0.0,1.0,597.2813583762528,0,0.6810303862252074
user_01968,28.326074587844687,3.1029739769130535,2.0,733.7061558051836,0.5554918665022126,0.0,1.0,272.3095737323967,0,0.4018554943111803
user_01969,,,0.0,,0.6862498515100474,0.0,1.0,76.65145193143546,0,0.3072612232152851
user_01970,8.081259133235003,1.0,1.0,400.6019966756735,0.17447012467814044,1.0,1.0,41.16279692224845,0,0.6870839597858176
user_01971,6.956050275101965,1.0,2.0,290.4601129242987,0.42476196852437786,1.0,1.0,,1,0.5680771700968051
user_01972,17.07115499150925,2.8835355131752087,4.0,453.5063656836358,0.7639002097703755,2.0,1.0,57.175011462422745,0,0.18544448931035143
user_01973,29.183326395825148,3.870624598120973,2.0,203.0241467308456,0.5037148483370165,0.0,1.0,92.13003777426373,0,0.20604285249376186
user_01974,5.578989726188936,,0.0,503.0696903090716,0.574910471993458,0.0,0.0,,1,0.5826309852906366
user_01975,22.358955650976416,3.61350619664756,5.0,630.9895536941905,0.6251994623657171,1.0,0.0,46.86570104139178,0,0.2720295403938128
user_01976,,1.980861315642559,3.0,324.34645926627627,0.5123878486260672,0.0,1.0,,1,0.17583894044006979
user_01977,5.8320333074088415,1.8028962480453057,2.0,291.5457126291618,0.5308824574250861,1.0,1.0,60.60735106540347,0,0.30706653035344134
user_01978,30.27322267936763,7.496948839962196,1.0,348.70892003753386,0.5748336492279975,1.0,0.0,31.928917033997944,0,0.19031079978865853
user_01979,42.95585501358444,60.93393021139741,1.0,90.20866045331215,0.6210501265802892,2.0,1.0,52.42469548525026,0,0.09494027229967376
user_01980,13.954698330684847,1.2225935681930153,0.0,951.1586675562204,0.37447860912256453,0.0,1.0,,1,0.7248560787345778
user_01981,,4.173674348969597,1.0,681.3054541348685,0.26085834964695015,0.0,1.0,,1,0.7976896416360957
user_01982,7.662597171232834,63.19461356740125,1.0,466.1125080270152,0.5047331847667489,1.0,0.0,,1,0.5691419096797926
user_01983,23.618496023665653,2.416359194139949,1.0,818.8970537725836,0.6434471458151086,0.0,1.0,152.14800600652288,0,0.2260995817582783
user_01984,399.5628242117074,2.044071211841369,2.0,762.2739036545122,0.44018136444894534,0.0,0.0,,1,0.46167537774350104
user_01985,13.246362699678787,1.0,2.0,901.5007200215634,0.26122990355770553,0.0,0.0,,1,0.7547040184928199
user_01986,20.707291416773973,1.0,2.0,1091.0504093333616,0.23720146839407596,0.0,0.0,152.7846551648569,0,0.8232487937394444
user_01987,31.058048620059903,1.5736505277503847,0.0,701.3564336684835,0.3680410646767374,0.0,1.0,307.39222740037474,0,0.7295399784958774
user_01988,14.192399271756624,1.0,2.0,10812.80473479745,0.23522728717047192,1.0,0.0,,1,0.8095781804865961
user_01989,14.762898579179268,1.0191521098530592,1.0,680.4236747162424,0.3452238902370648,0.0,0.0,,1,0.5166484544633644
user_01990,24.410622798520716,2.087304436244625,0.0,588.0220790059134,0.5068434194312704,0.0,1.0,83.87033655158592,0,0.3402317470000077
user_01991,11.920729053796807,1.0520918205503442,6.0,883.8716452077718,0.30401901825672517,0.0,0.0,129.7032606529043,0,0.5930914666915132
user_01992,65.91685058366217,2.097828326575233,2.0,718.2066451349287,0.5011472628338367,1.0,1.0,43.190226087741664,0,0.30252613960236985
user_01993,24.098587083440464,1.0,1.0,440.8819376374556,0.7093735075884802,,0.0,24.094984307324097,0,0.5265162298342536
user_01994,104.4465015426266,4.801595638076111,4.0,364.5234514668484,0.38693098722638114,1.0,1.0,210.96839171078477,0,0.3020486526233344
user_01995,652.2984702641347,1.0,3.0,647.0367932185326,0.485520605253079,1.0,0.0,21.740036822819047,0,0.27550948254999197
user_01996,31.575699714901102,1.0,3.0,218.7634641255819,0.4602639710814339,0.0,1.0,146.67973446244517,0,0.324931243580355
user_01997,29.044505108230837,1.0,4.0,583.2079258698446,0.5359369596776385,0.0,0.0,97.95152719124896,0,0.39423476540655333
user_01998,21.596090456850966,1.3793425352805158,2.0,554.8023065551399,0.4801918678067342,1.0,0.0,,1,0.6306310506832343
user_01999,11.108472491061924,1.0,1.0,490.9709706749072,0.5486026260097464,0.0,0.0,,1,0.8248665459281911
user_02000,65.96491704311724,1.0,3.0,455.8031825356696,0.27299088311053543,0.0,0.0,105.12047117054455,0,0.5732550218153913
user_02001,13.947637132232739,2.5384865602386677,3.0,406.2898176405233,0.7443413731969,0.0,0.0,,1,0.10960607752555901
user_02002,14.693850296207662,2.5550524617514023,3.0,317.85909440167336,,2.0,1.0,,1,0.3575712227633978
user_02003,22.55953218943874,1.711382674499175,0.0,132.7913062309354,0.5970937711617315,1.0,1.0,,1,0.2515892739682188
user_02004,26.61208800357665,1.0670139184713365,1.0,662.2078294638294,0.4759104139069599,1.0,0.0,,1,0.5298528466441755
user_02005,86.95690637517289,6.07066956485353,2.0,237.45139945958033,0.699425068641163,2.0,1.0,62.26056042906722,0,0.18148311503336906
user_02006,8.163281123278837,102.62700946617241,1.0,519.0007620091694,0.2638491359846389,0.0,0.0,197.6931084373919,0,0.8229173961734297
user_02007,28.11188426214035,2.949502148228869,4.0,368.9478949258191,0.39355741890044804,0.0,1.0,33.39600003918389,0,0.22467488193150056
user_02008,29.568291824240728,2.2501974342617728,5.0,341.796640335129,0.42489325534521516,0.0,0.0,53.130543643824375,0,0.14898768536213478
user_02009,12.372091037314515,1.4412546301519895,1.0,497.115498653157,0.6377769025119597,1.0,0.0,,1,0.34871739202826507
user_02010,15.520702337184325,1.8029937514452488,2.0,348.112663094582,0.6424432655116741,2.0,0.0,46.1717046113926,0,0.23699647655237766
user_02011,25.89306546120102,1.5071671798864896,3.0,665.9579793414101,0.22488995514836996,0.0,,,1,0.7150965122870234
user_02012,16.46080340412471,,0.0,427.2172974871621,0.34108722537386976,1.0,1.0,,1,0.40857897130491044
user_02013,21.338538064135946,1.0,1.0,226.2489805155178,0.5561653680858746,0.0,0.0,73.40905673296061,0,0.2606763061209904
user_02014,42.62691931796867,2.203819855797407,5.0,400.94150181760705,,1.0,0.0,79.00799416665461,0,0.4120842002330698
user_02015,37.555573187364374,1.4511087682137884,1.0,380.60637752627673,0.6513113000858423,2.0,,63.71923934784419,0,0.2959783977191746
user_02016,16.743394477629348,1.0,1.0,384.11851795037836,0.5264024972039436,3.0,1.0,45.81250480085416,0,0.25386393902554444
user_02017,89.60960248894423,1.216264668855628,1.0,237.40546670710583,0.6484541256210385,0.0,0.0,,1,0.11207071778066588
user_02018,27.528049365657605,1.2459063928429186,1.0,725.670474088909,0.3903433421878578,1.0,0.0,57.27928155690129,0,0.4341628199951641
user_02019,25.37914165703018,1.9205479124431188,3.0,273.74813496114126,0.6815245805655447,1.0,0.0,,1,0.3456579928234389
user_02020,16.428296991351786,4.456101521084138,1.0,,0.5526745312524827,1.0,1.0,,1,0.44600392585062076
user_02021,15.7857965546591,4.519436985536545,2.0,537.3100637857201,0.6420994973783861,1.0,1.0,,1,0.37309594923351
user_02022,37.49210048600427,1.0048904787000636,1.0,197.55339327918136,0.7364501036337459,0.0,1.0,33.58020308718425,0,0.16890523491924556
user_02023,13.110298725162622,1.6286053789881896,2.0,332.71574640153324,0.5934467892440833,1.0,1.0,67.34889191768342,0,0.36451278245328117
user_02024,59.99926460153637,,2.0,504.6036934853291,0.37070208438162616,3.0,1.0,64.12520488985538,0,0.2783083037359245
user_02025,446.2403606023695,1.0,,520.5814127197021,0.38409762700121225,1.0,0.0,51.629855214763694,0,0.6591469001049497
user_02026,42.58731266642256,1.249402238656578,1.0,433.3496263391209,0.6596725187993783,1.0,0.0,,1,0.5771901984685895
user_02027,26.75878848756581,1.0,3.0,297.93893742645787,0.5421290695677679,2.0,0.0,136.2882668874566,0,0.648648946180945
user_02028,15.098557747755027,4.527113652208922,2.0,235.55522535739573,0.5989274293190294,,1.0,88.40100533137823,0,0.4037051361383185
user_02029,8.827099170106463,2.0082676014482677,0.0,,0.42907169502361353,0.0,0.0,89.18527307022934,0,0.7515725163109694
user_02030,18.478423914851213,1.9971517578299065,0.0,844.5673917276463,0.4326143265187494,0.0,0.0,,1,0.5920372176248886
user_02031,31.125660359687966,3.525164303637698,3.0,414.52434065061857,0.5258009568274666,1.0,1.0,171.34937546701406,0,0.1265561327522379
user_02032,33.561263554421515,1.9685450211773432,1.0,429.0561061771894,,0.0,,,1,0.5792190816659817
user_02033,36.192694177314564,2.4132811083353043,4.0,348.3398935195898,0.5435592302523459,0.0,0.0,,1,0.36640869614807514
user_02034,16.917624387790667,3.2563837101265194,3.0,314.1774053168616,0.45353900985599926,0.0,0.0,132.98530193050402,0,0.42869086323382793
user_02035,28.497724490722554,2.827532567547333,0.0,324.38572016649505,0.7367075593028332,1.0,0.0,31.306214094128904,0,0.06525932993832634
user_02036,28.41603546000257,1.964372012598549,0.0,187.3125579355616,0.7450708146404573,0.0,1.0,28.070062591682923,0,0.21694865739603417
user_02037,18.10828449624033,3.5543074028555837,2.0,200.52083507169309,,2.0,1.0,74.38039653371425,0,0.2811332709928979
user_02038,35.69290705492543,1.040147051447747,2.0,283.2441416662266,0.4169176424568063,1.0,1.0,21.823332135382238,0,0.5361997115644067
user_02039,18.440836939245198,2.511181058686837,4.0,455.3101750582993,0.5000811805431612,0.0,0.0,73.03260726330343,0,0.4155617431651315
user_02040,17.97312032584865,1.786229114499044,4.0,217.05441088001228,0.6912791448764929,1.0,1.0,,1,0.30550066408414495
user_02041,8.725715244047855,1.0,2.0,453.09081812105006,0.25148391655640934,2.0,1.0,76.81783655053637,0,0.602151695580301
user_02042,21.00722516486605,3.010128599297804,2.0,648.870105678949,0.8307645004531751,0.0,1.0,35.71254098488481,0,0.41928154086507124
user_02043,16.52497600228998,1.0,4.0,435.55527928357833,0.36303886066825114,0.0,0.0,80.88358001331555,0,0.6103998072169446
user_02044,498.9952798088121,1.0,2.0,389.78830249807294,0.688078443756156,1.0,0.0,,1,0.34017885707906664
user_02045,25.57836850599699,1.811806886787033,3.0,869.2968108266361,0.29677718768097655,0.0,0.0,,1,0.691686595528796
user_02046,40.55704983588408,96.32769703670637,0.0,343.48845339368194,0.5273272595189094,1.0,1.0,60.444596414373976,0,0.2477539146165451
user_02047,8.848888770786578,2.555634359012359,1.0,641.8753274926631,0.4081863013237427,0.0,0.0,,1,0.46139751730470646
user_02048,13.752708213769226,1.562704327505803,4.0,212.0533435628914,0.6301631856900355,2.0,0.0,41.15703201924117,0,0.13771212201755004
user_02049,9.48240179122649,,2.0,244.66532623929334,0.5721287926045617,0.0,1.0,,1,0.2722385708575668
user_02050,13.411321156562213,1.0,0.0,1349.2500004477208,0.3140262392470645,0.0,1.0,,1,0.7891730264179171
user_02051,13.366743232014759,1.1110447506323413,0.0,405.9960160833045,0.5005723581473888,1.0,0.0,,1,0.5283900893186201
user_02052,18.52689464486091,1.9748964324176854,4.0,387.4945305729224,0.4898211021103162,1.0,0.0,,1,0.47353822996078265
user_02053,9.148927672665996,1.0,1.0,722.0979213181677,0.38554126014077167,0.0,0.0,,1,0.7498849307378573
user_02054,42.5671638198463,1.8636578234587804,0.0,175.2503070151661,0.4885727653445234,1.0,1.0,73.98932668151001,0,0.36183800756051626
user_02055,10.980877461706259,1.9851855241538516,2.0,213.23760346254238,0.5804211406555851,2.0,0.0,,1,0.42549584435548016
user_02056,24.094417343865704,1.8596604948207789,2.0,,0.22321467194114455,0.0,0.0,,1,0.5951223312236371
user_02057,42.880757171192144,1.0474775818063886,1.0,204.23417770310607,0.7604777510072639,3.0,1.0,,1,0.09882306987240735
user_02058,37.686176159707415,1.7675662198934268,3.0,478.24355086312244,0.5620553595516338,1.0,0.0,82.29512360316288,0,0.13431087735923486
user_02059,33.571355003782664,73.28357936970397,1.0,458.6286694616528,0.2661218766214884,1.0,1.0,37.93803819598556,0,0.4863501847879624
user_02060,35.493220112740936,2.6772110163173,3.0,278.6257594333379,0.5500396086062886,1.0,1.0,96.67470628848557,0,0.05182824511414384
user_02061,13.610407371118539,1.0,6.0,507.27766166596325,0.3711183722689074,,0.0,,1,0.5042809562129964
user_02062,33.872324041526326,1.2041610087842392,2.0,485.57947430540287,0.6110340226601022,0.0,1.0,,1,0.45863863030859703
user_02063,42.265543421645866,1.0,2.0,669.146169084552,0.25600841925025025,0.0,1.0,60.678164146315034,0,0.4311999880540478
user_02064,49.41753276923079,,1.0,642.8511356673523,0.3867254683754727,0.0,0.0,33.43808677531954,0,0.4693913953653696
user_02065,20.17461700696842,2.506840380432297,3.0,299.16155569824184,0.6027111524977711,1.0,1.0,30.064847766319197,0,0.1241985103954421
user_02066,28.25691321950578,,2.0,293.6616765587978,0.6271366689524865,0.0,0.0,76.70502541250846,0,0.1737881778146135
user_02067,15.452956148719933,1.9910439817987844,2.0,381.9868301200771,0.3426724435684893,0.0,0.0,48.58004983086449,0,0.6936235187053753
user_02068,35.56243607419755,3.0055373576269586,1.0,970.949280713201,0.5632113780088499,3.0,1.0,114.27601272651097,0,0.36465840752092976
user_02069,31.27759729115873,3.351342602372122,0.0,341.56545586001084,0.6300328211410818,0.0,0.0,,1,0.3599380834949194
user_02070,18.391375935709615,65.72036548211332,5.0,158.85444352986516,0.6958693789797835,1.0,1.0,22.31309170524383,0,0.08840807737969124
user_02071,11.00460771954325,1.1044224550834314,4.0,701.1609972779818,0.31976472348955287,2.0,0.0,73.07332593803596,0,0.7572279182509988
user_02072,9.125723886684312,1.6048134555731508,3.0,662.5889636608066,0.3685849556872403,3.0,1.0,,1,0.4789064041341802
user_02073,9.789375043715816,1.0,0.0,740.1780270759134,0.41660639905694535,0.0,1.0,,1,0.5905598595628506
user_02074,34.00774881046552,5.213257670641584,1.0,435.6660067393435,0.657152747985541,0.0,0.0,50.56772142284011,0,0.38864571649825513
user_02075,50.25510189167707,1.7865401260334697,4.0,376.60645831996464,0.7551351927883524,1.0,1.0,141.40182797115105,0,0.303639673866656
user_02076,15.365159260177169,1.0,1.0,305.3085109699326,0.3652386781357216,0.0,1.0,123.50281183372283,0,0.3910653873130425
user_02077,9.778335938241923,1.0,2.0,579.4390107355738,0.37077515572583153,0.0,0.0,,1,0.47822977434231645
user_02078,19.04064679464481,1.5969100075770157,3.0,619.5068680986348,0.4399651421111187,1.0,1.0,65.47683610793655,0,0.4660563403639432
user_02079,10.674561183368885,1.0,0.0,780.0049128411938,0.3398433603225383,0.0,0.0,98.91989458330492,0,0.49719147424247623
user_02080,,6.099713251175901,1.0,303.01921769147214,0.22542573619951536,1.0,1.0,,1,0.29313943586557634
user_02081,34.40003274471489,1.8572642298383417,2.0,453.3353011217312,0.16612337821159354,0.0,0.0,,1,0.6717235450288972
user_02082,25.25033842666815,1.8511593951553076,1.0,365.1431393159374,0.7294252215510071,0.0,1.0,,1,0.21761398354292974
user_02083,19.462946469728614,1.7630642319454466,2.0,465.50979191815094,0.5585039870640832,0.0,0.0,,1,0.45937025200564874
user_02084,12.727907404377863,,0.0,625.5484463012399,0.25356354220734345,1.0,1.0,134.56077884635025,0,0.8080532411571535
user_02085,28.68677903304164,1.0449657308588665,1.0,335.13563443617056,0.7060540802917675,0.0,,,1,0.26829288379097194
user_02086,37.573904001761846,2.3182598531559866,2.0,159.04780321675315,0.478822069311421,0.0,0.0,43.89590592833877,0,0.14901528759086569
user_02087,21.112824318532358,1.396213562533978,0.0,551.6238833838047,0.47708859540155424,2.0,,41.39948843733225,0,0.33804274645036336
user_02088,400.00762971396585,2.676070912445956,1.0,545.7281978523829,0.6526960279838618,1.0,1.0,199.23489037052556,0,0.1945703288711447
user_02089,35.28334681073654,1.7738834720659213,2.0,302.36275956331656,0.7267966736913872,,0.0,133.46231370285335,0,0.1767978267139999
user_02090,20.22778410056835,1.4486482454292768,0.0,394.3897845992621,0.5336347177187498,1.0,0.0,28.342413230741666,0,0.44484944836777823
user_02091,22.408694169591822,1.175979822693066,0.0,450.2460244488345,0.5468293509549108,0.0,0.0,,1,0.3437465860064913
user_02092,21.21618940733427,2.0234317696454314,1.0,564.1851661830204,0.44365485411415273,,0.0,139.53184500833365,0,0.6101004173706281
user_02093,9.242051371064715,1.0,1.0,924.9374073225251,0.15787322158284936,0.0,0.0,115.21515557403694,0,0.8518318188782502
user_02094,16.43499834027517,2.4927435048451363,3.0,343.2404890773007,0.5542685725592617,2.0,1.0,86.46431092310337,0,0.15991926265296394
user_02095,30.799623061391202,1.2770583554485506,5.0,341.9698793357228,0.5677026331800782,0.0,1.0,61.60450931070984,0,0.20042039202608544
user_02096,27.348612872230703,4.187582822782155,2.0,221.94376231409692,0.5855103786826348,0.0,1.0,50.61360083146246,0,0.22471934926312637
user_02097,21.73892320119521,1.217282890188493,1.0,501.5015532161295,0.6712202451156247,1.0,1.0,,1,0.26883047788420716
user_02098,15.638928868355316,1.6193421498842875,,719.0748945714931,0.2249505214265754,1.0,1.0,,1,0.7669940614063527
user_02099,9.29617403632005,,3.0,563.9081880109185,0.4047469917563146,1.0,1.0,,1,0.6325146269612717
user_02100,,6.23493612235924,0.0,166.4279619853909,0.7484562954595508,0.0,1.0,44.00504673150793,0,0.18299639320739033
user_02101,7.645237869299917,78.46681518723226,1.0,453.1158516197355,0.3980969324770365,1.0,,,1,0.6139772407473377
user_02102,29.51829469826358,1.9788649745663942,4.0,283.5635097605371,0.539220165205943,1.0,1.0,,1,0.2808029922909148
user_02103,32.118037318402386,2.190500611685876,0.0,268.82288016223424,0.3593588711207771,1.0,1.0,69.7234080533868,0,0.4244159678963695
user_02104,25.706728202286513,1.304269244958994,2.0,520.8581215689688,0.3542061099652758,1.0,0.0,82.42866953704566,0,0.4770619036426721
user_02105,10.55865833100208,2.386596985542844,3.0,403.5037672675906,0.48270193325952754,0.0,1.0,,1,0.5108100443141897
user_02106,13.335885344444568,3.6455188533180354,4.0,692.7310411743113,0.5168054634822994,0.0,1.0,,1,0.3895760905136398
user_02107,,2.3420121803050895,2.0,364.4486625286463,0.4813638351519424,1.0,1.0,30.84195161991179,0,0.37776056484668386
user_02108,6.49568975125321,2.9318942144241986,2.0,616.0086372599039,0.5121169729599165,0.0,0.0,110.80265523371258,0,0.45209684921100335
user_02109,8.819741135838918,2.1388613203420284,0.0,526.5087709414399,0.22068279295906013,2.0,0.0,,1,0.5024375542285753
user_02110,44.17471871441815,1.1182275539456776,3.0,228.2553652769032,,3.0,1.0,46.815149896465435,0,0.06813191502417523
user_02111,17.520224388839388,7.774799983923724,2.0,440.75121598241765,0.339228552068981,0.0,0.0,61.971566467143596,0,0.6049848548309088
user_02112,28.417355802207975,5.021382049672651,6.0,184.60192219116718,0.5756159624547043,1.0,1.0,92.62298089985715,0,0.08689079362797346
user_02113,,1.0,1.0,472.0553778671319,0.09048342006223492,0.0,,,1,0.8275697404648062
user_02114,27.48912433026905,1.5063190986268322,,169.84275090134332,0.5855211072103729,1.0,1.0,32.705444140515276,0,0.05358015370477248
user_02115,13.985920405869534,1.0,1.0,292.891116913386,0.4552845363155353,1.0,1.0,55.991172358439215,0,0.25829819309405444
user_02116,21.224908996299074,2.7578373754653027,1.0,8037.175329520554,0.43149046548804804,1.0,,117.11069440460419,0,0.5209144638889793
user_02117,9.05612709724274,1.5559557592305333,,654.1377706838454,0.18476689865620252,1.0,0.0,72.8176476040034,0,0.7292086950516266
user_02118,15.613798052001954,3.4154437421404027,,592.1803648264686,0.6983451829572364,1.0,,96.4580502743879,0,0.15111905542078596
user_02119,19.29740270650083,4.123869059255177,10.0,377.2250045423706,0.4551847335720968,0.0,1.0,27.665676027444107,0,0.25834509223837004
user_02120,36.69019954308996,2.905994343166812,2.0,130.0531578851517,0.8490914944820793,0.0,1.0,33.470302437554956,0,0.08340503110991523
user_02121,29.5354031691487,1.1321964984378603,5.0,403.2441493607639,0.6530818155621466,0.0,1.0,,1,0.33158063930386367
user_02122,28.72545377442846,1.283910309987208,5.0,241.22688513165332,0.5339292558901527,1.0,,140.75933763369386,0,0.2071803028838139
user_02123,19.25064696247525,,1.0,283.87197508939107,0.2158858743661676,0.0,1.0,,1,0.5431652016978298
user_02124,34.525834675534895,4.253731038226614,3.0,668.0544405070842,0.5373619451230248,1.0,0.0,,1,0.37531358337576404
user_02125,25.85927945198696,1.7578296022498185,5.0,185.95554768289514,0.4036561060883293,0.0,1.0,,1,0.14439354030738885
user_02126,38.751161615863204,2.8964871244465225,3.0,669.2389106601084,0.624800618600287,1.0,1.0,64.61267619201183,0,0.4966232019024773
user_02127,11.635901359994282,2.7634187294505526,2.0,502.672585449332,0.38743171541567034,0.0,0.0,143.94395737192806,0,0.5618482949392953
user_02128,24.992440139051784,2.3052383594471797,2.0,446.1910802360866,0.5337188407760254,0.0,1.0,93.30140455837464,0,0.21344026649273248
user_02129,8.84955640878745,1.0,0.0,579.7053430233406,0.6093267639306758,1.0,0.0,107.59536611106711,0,0.5257381446690084
user_02130,33.83649901605335,2.3774984816158886,1.0,546.766611731342,0.7083515912654422,3.0,0.0,43.159977131925444,0,0.3743922804655102
user_02131,15.7264284159675,3.6525045474603215,3.0,694.5899537261319,0.40659053641390785,0.0,1.0,,1,0.6372695240177222
user_02132,17.093554376015863,1.0338222208340686,3.0,,0.6078321434136463,0.0,0.0,,1,0.39494254267768214
user_02133,11.150539879506075,1.9907545525303887,5.0,,0.6049211258874742,3.0,1.0,69.42563247563335,0,0.41032693874059706
user_02134,3.615886587575572,1.0,1.0,843.2239182275654,0.09649793209395008,0.0,0.0,,1,0.9498807103457817
user_02135,9.038872519697954,4.530610121798648,3.0,418.7836603871592,0.399638611778716,0.0,1.0,118.90214974899182,0,0.34367408400650545
user_02136,39.48704412790648,2.183485421608864,4.0,267.13848530690285,0.6126919575150281,0.0,1.0,46.057274934635274,0,0.23070821798144342
user_02137,17.34655412337175,7.1576364947406415,,227.133812187305,0.6841038181552994,1.0,1.0,160.62783557264316,0,0.4275491272662395
user_02138,33.555888823745015,4.200115837750433,1.0,245.44097676811452,0.43259274412004656,0.0,1.0,52.913867538654905,0,0.4172755747124241
user_02139,33.144579738176816,1.55725454525581,2.0,369.3167063807712,0.38318026198929017,1.0,1.0,,1,0.24127845837555242
user_02140,31.416472042103344,11.586392563189388,2.0,310.15298789407683,0.415729565203557,1.0,1.0,,1,0.350015093737592
user_02141,31.281867917375887,,1.0,596.0357137995496,0.44766180310029813,0.0,0.0,,1,0.4610877325786329
user_02142,21.844070717149915,,3.0,735.588723143295,0.43654009298858787,,1.0,,1,0.6096925486220627
user_02143,14.712734736976183,62.46945082831065,1.0,668.12020615671,0.440200516786399,0.0,0.0,,1,0.5005626788128715
user_02144,,1.0,0.0,521.2820274114172,0.30983339047413805,2.0,0.0,,1,0.6406542560956574
user_02145,17.912461447896955,62.10211266070005,3.0,284.31065648994024,0.6263794498316335,3.0,1.0,34.25794382222146,0,0.14457879759742395
user_02146,24.445166373669476,1.0,2.0,779.4693163935707,0.45560921000376314,1.0,0.0,46.63476854572887,0,0.437693500929599
user_02147,14.481004088563006,2.538410860551173,1.0,475.10340426722775,0.35027376304395597,2.0,1.0,,1,0.5221658592813088
user_02148,,1.0,1.0,609.3927584543683,0.18209269787590723,,0.0,,1,0.6489443644919819
user_02149,47.25167264949051,1.7076104358268163,0.0,563.0486908712586,0.26961305841180666,0.0,1.0,,1,0.2551331834667214
user_02150,8.509395439422592,2.1044948517925786,,919.296870818449,0.5875513422974522,1.0,0.0,217.34590903691588,0,0.6037942305863908
user_02151,22.540197884816354,1.2033640224300182,3.0,790.8255073764998,0.4411904602201014,1.0,0.0,,1,0.6019133681101483
user_02152,27.904315639987214,2.10475499999098,,853.2431275354727,0.25751316732247476,4.0,0.0,,1,0.5668922117128442
user_02153,17.349986958555277,2.239127629148192,2.0,352.0958676353746,0.473455066485648,0.0,1.0,31.18249966639366,0,0.38310883253939204
user_02154,33.13879884052534,2.981680101951638,1.0,303.95715260494023,0.4697958937109689,2.0,,52.80684250206633,0,0.23974151836409946
user_02155,32.75801231601673,4.923895152856007,5.0,217.44694143221344,0.7248772400691222,1.0,1.0,49.30955879179748,0,0.011463710056925614
user_02156,14.430863779490593,3.1962682548144876,1.0,297.31902911646205,0.5267550133934147,,,130.2131225007591,0,0.3111955011515419
user_02157,25.67704520744376,,3.0,401.375349787308,0.44758830327802324,4.0,0.0,,1,0.5503859193349498
user_02158,49.18207420445064,2.4380795145618404,3.0,425.9812362605142,0.7151913803508825,1.0,,,1,0.27738826469976746
user_02159,,1.1940573806386132,,506.56483940940825,0.4676022481520249,1.0,1.0,30.976462943663545,0,0.4546150468516313
user_02160,33.41875803828792,2.6135198917491422,3.0,380.15461242746187,0.33971744780459984,,1.0,31.065400447121466,0,0.21931665187321905
user_02161,9.920452380086672,56.98025582622027,,608.9072342325096,0.20704419881134725,1.0,0.0,,1,0.7626606489208645
user_02162,29.688380041149564,3.121667764869889,1.0,332.58114737122145,0.39408733941623614,0.0,1.0,90.2883587128065,0,0.4548215998007396
user_02163,64.5707487767683,1.5290200369968314,,419.632719722287,0.3262332634987679,1.0,0.0,,1,0.42623413556794704
user_02164,19.060867016591832,5.14071672296127,0.0,553.3457778459064,0.4570771996987283,1.0,0.0,115.96345820617671,0,0.4454143540214595
user_02165,22.188370544278534,1.5743092543300887,3.0,,0.21824378605181485,1.0,1.0,162.8397269726478,0,0.7570505060725481
user_02166,10.49992440892021,3.1805900387485506,2.0,355.3087211886459,0.7090399027861148,1.0,1.0,117.10181936064917,0,0.31693927655197834
user_02167,15.927910219770027,1.0,4.0,253.53901748445335,0.6456152445327882,0.0,1.0,88.6448153391159,0,0.08890706866237921
user_02168,20.374491533016567,2.5310143803287315,2.0,280.39634088653315,0.8909456639447801,2.0,0.0,81.00079802674696,0,0.133287157540303
user_02169,30.72254914301373,1.1186839333008178,0.0,302.07774099269466,0.6535121094336854,0.0,0.0,,1,0.278653436472956
user_02170,30.706873405238248,9.388016455636402,6.0,129.5336444325151,0.8745600595804776,1.0,1.0,15.976218505090516,0,0.03664654956500154
user_02171,32.299847052408936,1.062650672763529,0.0,420.5452339947779,0.426140052607492,2.0,,,1,0.3803966892093503
user_02172,7.791413526479048,1.5248912498480067,2.0,646.8720275924265,0.15874557971111997,0.0,1.0,,1,0.8534294146566689
user_02173,28.75556034716567,1.8567366346923888,1.0,1016.3577278990706,0.33896512734987794,0.0,0.0,,1,0.6186996380815365
user_02174,31.0485292188072,1.2009506129646954,2.0,11762.253035292775,0.5152395731829429,1.0,0.0,39.39671636191665,0,0.2828183408663846
user_02175,28.71217236812721,1.0,1.0,,0.25157707502351967,,1.0,129.15077551432412,0,0.5588375354098057
user_02176,27.273909357086378,3.0599450473962957,1.0,472.920748496102,0.2298392337232026,0.0,0.0,110.75900619081338,0,0.40499269328647036
user_02177,12.460654212929317,4.804263828008291,0.0,659.6557642218257,0.30789989523379424,2.0,0.0,222.97025890955373,0,0.534726731590828
user_02178,14.740793618084881,2.4845137610051404,3.0,356.2164229084238,0.6896809096283538,1.0,1.0,75.04787733214634,0,0.28295900362669724
user_02179,49.94666122747413,1.714219639814818,2.0,507.04520832719885,0.535083997792938,0.0,1.0,36.81881810308014,0,0.2857178928772247
user_02180,15.98527692476251,1.555203094208586,3.0,257.99148164652655,0.6996384229560825,1.0,1.0,47.3355921679022,0,0.1875896251765531
user_02181,69.41559991338212,1.8121576528718326,3.0,8323.672589983515,0.6455885955809982,1.0,1.0,86.07108493765936,0,0.3018824899168261
user_02182,51.74955481074558,63.158650925218424,2.0,459.81589115155964,0.7481073349839708,0.0,0.0,68.34560653654752,0,0.35163027415743103
user_02183,,1.9317278924423704,,425.7086087489918,0.4232256094581185,0.0,1.0,39.29996778251881,0,0.46478835001137336
user_02184,31.18301390590063,6.75799280394257,5.0,142.27434872670477,,0.0,,69.04067298124623,0,0.16874665513847903
user_02185,,1.0,0.0,802.6792645181281,0.2312554385485432,0.0,0.0,,1,0.8966868465756751
user_02186,27.995561248683295,6.3722182652148085,3.0,293.75934919961924,0.9003522684533509,0.0,1.0,23.81778625565792,0,0.058973634261260545
user_02187,16.8487856762009,4.753767598765596,4.0,,0.4514069595360253,,1.0,,1,0.4048407023670422
user_02188,12.786297500637192,1.4118314598629842,1.0,449.71218704456186,0.5495297285331864,1.0,1.0,201.57858764628497,0,0.5005558310718956
user_02189,13.925468734454142,6.225027062009593,4.0,440.1544352703961,0.38328835404031614,1.0,1.0,58.238891098767176,0,0.41057240047707216
user_02190,16.022639085929814,2.7702269714642744,2.0,168.1926060661083,0.5034456374069168,0.0,0.0,139.12463806181717,0,0.024609197858856752
user_02191,15.85080218045687,1.198245256642713,3.0,605.1403026274228,0.5300408548600247,1.0,1.0,147.5684944705879,0,0.40029864284663097
user_02192,9.05710811795494,1.019988337497485,1.0,713.0132647485273,0.3390697986219487,0.0,0.0,,1,0.5630774227367622
user_02193,14.302837873959579,1.0,,569.3725578015348,0.30204828307516096,1.0,1.0,,1,0.5860612795869862
user_02194,25.454602353399434,4.029537416907218,,618.2916575698274,0.4572734527942151,1.0,1.0,46.310094667889416,0,0.24874610444109
user_02195,37.10359446548069,2.0019702926516967,0.0,782.0916186358264,0.7138383039754064,4.0,1.0,73.76821434809816,0,0.34013203066683056
user_02196,58.691189547451174,4.029190694752366,0.0,537.8244227080305,0.5676624181104168,1.0,1.0,81.33843007299646,0,0.14862585450986082
user_02197,32.85698451992947,4.328054879959444,5.0,228.19099250133218,0.7663147013502095,1.0,0.0,,1,0.2755015168364763
user_02198,8.111570263199091,5.03992679813536,1.0,11632.497090147359,0.5190810712461642,0.0,1.0,,1,0.38927021946675705
user_02199,19.365718753531603,2.4588911327005607,0.0,225.98301208959788,0.7033549615231136,0.0,0.0,134.79803587370714,0,0.5219208468134292
user_02200,25.061982436266387,7.1008333758974445,2.0,224.95163430860853,0.4763441973458875,0.0,0.0,74.6485314682844,0,0.2813674561621233
user_02201,34.914070236532794,1.5487590922744872,4.0,,0.5404129024542395,0.0,1.0,69.15511851513504,0,0.2727614079630337
user_02202,13.444968110725815,1.0,6.0,622.5518186092858,0.6930117337735326,1.0,1.0,47.867516382249086,0,0.21694005442504793
user_02203,29.21911880772602,5.1788220797104385,0.0,1195.5324282837341,0.3834395512397169,1.0,0.0,42.36233910192398,0,0.5575291107304966
user_02204,32.37139687173313,3.453524274782131,2.0,207.50555064096775,0.7279289374481563,0.0,1.0,24.761534012258963,0,0.18994395593803295
user_02205,33.95380096372548,7.828436423263814,1.0,333.67864658944325,0.49303771030009336,0.0,1.0,,1,0.17173210263861166
user_02206,14.572192822332404,1.0,2.0,773.1227933182577,0.1558360185655564,0.0,1.0,,1,0.6812965485875766
user_02207,31.155681601177687,2.522654294750116,0.0,566.2764136085636,0.4669229042697255,1.0,0.0,60.07210534822782,0,0.37174215818184975
user_02208,23.53974300230554,2.138935241798762,3.0,216.52980234740392,0.6117832089952033,0.0,1.0,37.05490135057858,0,0.21654182213982098
user_02209,12.029050387657227,1.0,1.0,769.4491858337477,0.48703495422197624,0.0,1.0,,1,0.6545951829321724
user_02210,6.221323823554049,1.3937803124489463,0.0,1221.6562994504006,0.5362160410701959,1.0,1.0,43.64290509507043,0,0.5293047613807274
user_02211,20.67696208921379,1.08263083893591,1.0,578.6311906029603,0.4377636821803941,0.0,,,1,0.5676783611483658
user_02212,26.79000814485738,1.0,3.0,543.1280197594697,0.7578931807216231,2.0,0.0,97.03781941072607,0,0.3333576261384017
user_02213,,4.775620596201146,3.0,712.0886149428761,0.5471611579709532,,0.0,25.897239732710624,0,0.39104773418911176
user_02214,28.827826508721568,1.3970908553200585,0.0,626.5310006143845,0.5852239406928503,0.0,1.0,75.71770441535207,0,0.27284820115727787
user_02215,19.184781023570793,1.0,0.0,601.6843982410497,0.45080249610548623,1.0,0.0,71.93215418603656,0,0.4442287018706123
user_02216,16.4883748024217,3.7037932213459057,1.0,370.5598664680435,0.460503129229147,1.0,0.0,19.219047176016407,0,0.29259673909971295
user_02217,10.516760170162064,4.118938660842884,1.0,490.97447850903495,0.693780120207056,2.0,1.0,,1,0.18542333140540082
user_02218,12.891335084929622,,1.0,,0.42112755058486206,0.0,0.0,,1,0.563186706546637
user_02219,73.37459618690895,1.5692857900528552,,,0.6963244589831364,2.0,1.0,,1,0.10469739000676055
user_02220,7.192698970517917,1.0,0.0,,0.1138911271873157,1.0,0.0,,1,0.8294866946435334
user_02221,19.386867285066266,1.063952074449705,2.0,762.614171837383,0.2946101058302298,0.0,0.0,,1,0.5685928529258797
user_02222,20.238300059809294,1.0,1.0,524.3573373088029,0.4616948656241841,0.0,1.0,247.92842217958716,0,0.5569308080386636
user_02223,8.097064530768105,1.0,2.0,168.1988390771448,0.37169044932815437,1.0,0.0,,1,0.44737369927152165
user_02224,25.338174362532527,1.1816980083296857,3.0,275.1423627348885,,1.0,0.0,59.06569044281734,0,0.2638895747541616
user_02225,10.970274848299166,1.0,1.0,702.9312548708635,0.3255993095118497,1.0,,,1,0.638216129826023
user_02226,34.528094792288265,1.4251601971900976,2.0,201.374255094095,0.6103210672986705,0.0,1.0,59.87102175622808,0,0.16963573013218874
user_02227,4.2213210896835704,1.0,1.0,589.7165903212543,0.15126210509020488,0.0,0.0,,1,0.8918345400219369
user_02228,710.8948111406025,,0.0,378.4048474620149,,1.0,0.0,88.27700907113265,0,0.47299715877387993
user_02229,16.780204253635638,,3.0,391.93785024469,0.29093796225696844,0.0,0.0,,1,0.6162040815737269
user_02230,50.04329313971025,109.00985318806522,0.0,360.6309395074296,0.42634824336109234,0.0,0.0,41.6546411598839,0,0.46809361620955936
user_02231,17.278826774802244,1.0,2.0,427.1774915444113,0.40463582008564464,0.0,1.0,,1,0.8194217173719471
user_02232,,2.9743955184431603,0.0,,0.48552821000628094,1.0,1.0,52.17194723015313,0,0.4596742182828657
user_02233,14.010199008657139,1.3202609879152611,0.0,596.6509631645098,0.6586825536670087,0.0,0.0,,1,0.7014917236967446
user_02234,27.217624567197596,1.2269851079136944,1.0,510.18290435034174,0.6358964749059496,0.0,0.0,135.39684421527568,0,0.4810678076195266
user_02235,38.174451436510715,2.4976903596718114,5.0,308.4376663701964,0.6391685160696562,1.0,1.0,31.95046127427888,0,0.08980268808411568
user_02236,8.382600379488116,1.0,0.0,1153.3642357056556,0.12911648031242756,1.0,0.0,,1,0.8634386864111016
user_02237,18.7815121628713,2.033128773297098,2.0,318.93614860451515,0.8220017245146811,0.0,1.0,160.80818595961335,0,0.25800624144828715
user_02238,7.618454523844655,1.1662053512260064,,6574.674814019813,0.4057405148314345,0.0,1.0,353.3968932046905,0,0.4133687188665372
user_02239,26.288254639672903,3.52718252840427,1.0,407.1736613307357,0.1686419859759226,1.0,0.0,107.66639997960509,0,0.5502993130657587
user_02240,18.524401467587087,1.0,2.0,588.2069672186623,0.2300274982708194,2.0,0.0,201.010335962606,0,0.6509164187003701
user_02241,23.17438712792505,2.374957032124959,1.0,494.7986108929325,0.35549713868514327,1.0,1.0,330.1962279466823,0,0.40978728867209474
user_02242,36.13281076210613,3.1253625722180747,3.0,276.8039361525351,0.29435816404327286,2.0,1.0,116.98493730958128,0,0.2699255784235457
user_02243,9.611249086015112,1.161489568280983,2.0,451.79246810102495,0.5162968819878324,0.0,0.0,,1,0.4336453002129301
user_02244,34.84393218703668,1.1703878371427678,3.0,695.7023814713608,0.37876932559621224,,0.0,131.6394604038637,0,0.5743637251120508
user_02245,51.82489748575607,4.095039038141169,1.0,167.07872041564707,0.6972480149119983,0.0,1.0,68.02811669467087,0,0.10113904567403588
user_02246,9.546257796893398,1.0,3.0,9318.910502236122,0.3015024748998852,0.0,1.0,,1,0.8151276261042836
user_02247,18.70840237413119,1.557775739895019,2.0,350.4045137050602,0.25537848206266966,0.0,0.0,56.82439656935899,0,0.30003679587595106
user_02248,10.601329981122584,1.0,0.0,769.9870804142425,0.3670878348226737,0.0,0.0,188.1162291283373,0,0.6803332995514816
user_02249,,1.0,0.0,312.50611831588526,0.3684105933642522,0.0,1.0,96.81026007254746,0,0.4921911537250425
user_02250,45.16133420370415,3.837722846815493,2.0,173.82572764160557,0.37239067767475414,0.0,1.0,26.82875099301442,0,0.1863570102341199
user_02251,40.25208609013217,2.7483238766705163,,349.47420836518967,0.703512295975623,1.0,1.0,37.90827165794542,0,0.08639944966396819
user_02252,22.287916412818888,6.148527550537511,3.0,461.5829416008801,0.6904953149471768,2.0,1.0,45.169050367414556,0,0.23076576524272802
user_02253,85.10372754414186,,0.0,264.3682346529757,0.5615019694186164,1.0,0.0,28.583409090949438,0,0.3913222549354658
user_02254,7.259669659109515,,0.0,801.1677053351673,0.09963577739324886,0.0,0.0,,1,0.8020358090403775
user_02255,,1.5341824349220285,5.0,386.40412356175386,0.6028730705275219,0.0,1.0,,1,0.44968767069614146
user_02256,34.80108541327769,1.0,2.0,741.5359056290673,0.3302328981593816,0.0,0.0,149.61530915674663,0,0.6154479107965604
user_02257,54.00368740289326,3.394269050769789,1.0,585.7349661825681,0.7646337784026581,0.0,1.0,75.17120610976,0,0.14731874240168347
user_02258,38.1454233205516,4.283825911583525,2.0,600.3865456936403,0.7379709449419697,1.0,,76.07747197740566,0,0.24062059221530535
user_02259,14.981637170783426,5.975037304505347,3.0,234.83744230075715,0.6235932268083173,1.0,1.0,55.04386670472202,0,0.2525388490808034
user_02260,37.73851783079515,1.0,4.0,690.2229455248388,0.2847006227458443,0.0,1.0,,1,0.5957616501100043
user_02261,28.13830237933366,2.362803564452694,2.0,445.44760997149416,0.48561834533007414,0.0,1.0,159.58046269564434,0,0.3296213315911064
user_02262,43.129925635619486,4.647894435111934,3.0,667.6570660518763,0.5659980586703868,0.0,1.0,103.58382922438913,0,0.18412491995418634
user_02263,18.819702271310867,,2.0,510.33454015122607,0.43367001866618865,0.0,0.0,109.83790030756083,0,0.39098917429862323
user_02264,12.452960572434602,55.15264484442601,2.0,304.59348506680726,0.5500954772738852,0.0,1.0,,1,0.5172051649692161
user_02265,22.728020124133618,91.06853579379683,1.0,401.0148790166276,0.621862533363526,0.0,0.0,77.38723448193824,0,0.44030414976061405
user_02266,10.815357749069143,1.0,3.0,727.939497966278,0.302332833245467,1.0,0.0,,1,0.7906481597057338
user_02267,8.899940937845365,2.1272723079457387,2.0,506.7291117762281,0.19893740207037608,0.0,0.0,,1,0.6551614401849413
user_02268,74.2855818147432,3.9497545416592215,1.0,564.0965046475484,0.5586742637819236,1.0,0.0,94.13405708872841,0,0.4523562544552588
user_02269,62.29193710610736,3.7545266221296267,3.0,248.8212691089655,0.7847812858640376,0.0,1.0,,1,0.2806755577380093
user_02270,62.60756124792478,2.0570028982621684,1.0,246.3799800211816,0.5288959737779038,1.0,1.0,22.485188770062198,0,0.2367172126546296
user_02271,22.171619540206727,1.3315026114957083,6.0,401.60720616005847,0.5838051438171674,1.0,0.0,81.06197141197823,0,0.329598919194674
user_02272,21.884248387873377,1.0,2.0,123.5236113194816,0.4957962941697949,1.0,1.0,17.74659038673425,0,0.10818986468997091
user_02273,25.363588855470333,1.4394798803024464,1.0,494.6240969577714,0.5323853549081851,0.0,0.0,,1,0.6057026970031132
user_02274,30.220198414371914,1.0,3.0,187.26361362169413,0.5152507359554231,0.0,1.0,,1,0.3878378156159415
user_02275,,2.4525168477485195,2.0,321.05680448427717,0.8038487290066058,2.0,,64.3700037955336,0,0.1283037487570714
user_02276,,3.122213306457417,4.0,178.28958042161804,0.751460041481026,0.0,1.0,12.015229961211908,0,0.08594135413635118
user_02277,13.626214601677606,1.6432009281460187,3.0,575.8105678002702,0.3185982651038314,0.0,0.0,,1,0.5300210841469236
user_02278,20.33817858867594,1.435473623198428,4.0,441.46155143589624,0.687919079808489,2.0,,37.95945422487096,0,0.17327376932047459
user_02279,37.26982580416142,2.7036694519237177,4.0,212.0742324420122,0.5222732437331029,1.0,1.0,47.74243290285083,0,0.2257804113669021
user_02280,32.5027098747802,1.0,6.0,388.69929682798573,0.42111133057717237,0.0,1.0,74.74186356069224,0,0.35345453109089103
user_02281,6.693255053290056,1.0,0.0,930.057233150575,0.14620305259704128,0.0,0.0,,1,0.8300243327612012
user_02282,88.99271725687522,1.89821233152125,3.0,457.82207136468577,0.35054128373436805,0.0,1.0,106.73827030027131,0,0.31851534866202286
user_02283,13.358015025987951,1.0,0.0,390.29378947749876,0.04943168394232261,0.0,0.0,,1,0.8843629033237019
user_02284,,4.275414177743114,2.0,288.4123811307343,,,1.0,,1,0.1541805268031402
user_02285,13.448810756693863,3.014113446076076,4.0,499.89828654487593,0.2945870797026345,0.0,0.0,,1,0.4778470509022653
user_02286,31.72665718029995,1.197819946733511,2.0,361.89744949805885,0.14673101653760157,1.0,0.0,,1,0.6823445498205973
user_02287,15.83114105452282,1.518812196159094,1.0,444.14686118012526,0.18196810562929636,3.0,1.0,,1,0.5495524788074212
user_02288,58.10330872353402,7.667076030966602,5.0,298.9635167957515,0.43808028385536196,0.0,1.0,32.57374962363375,0,0.14818931820483539
user_02289,36.9879856446093,5.349251357257934,1.0,368.97425317872114,0.5017624583724092,0.0,1.0,99.91720804213963,0,0.18545955913951412
user_02290,53.17007841488697,2.867402489507499,3.0,216.6095950407728,0.8046563436264184,1.0,1.0,31.434342642804708,0,0.13739135205448225
user_02291,14.098759064647158,2.254973203723669,1.0,775.1604784415083,0.5843846082942263,0.0,0.0,,1,0.44921981211423256
user_02292,18.80292561626826,1.7989340000879328,4.0,244.46629350280858,0.6128629268032211,0.0,1.0,68.65987261609594,0,0.20135526841686333
user_02293,41.71232564490518,2.049902712005514,3.0,449.3919044600456,0.5675089096307033,0.0,0.0,,1,0.2451154895840663
user_02294,13.94452785500482,2.501193162911628,1.0,454.8800707526895,0.5240336653401348,2.0,0.0,54.185485953471215,0,0.3727984352733659
user_02295,26.877260354809852,2.3483947458534034,6.0,275.10886612249504,0.5263852679252004,1.0,1.0,,1,0.3821678817457518
user_02296,,1.108689645928066,1.0,288.10921034822695,0.5765574104066754,1.0,1.0,,1,0.36555209834162
user_02297,57.03682706863403,4.170548561077466,5.0,262.9365198458612,0.7287289805863565,0.0,1.0,44.4187747851457,0,0.24415200983978158
user_02298,48.65151882888397,3.689149271116365,3.0,302.7223567480529,0.7517052354246944,0.0,1.0,48.2625145637177,0,0.2822585569563771
user_02299,13.076989407986813,4.038669632002697,,413.415358244855,0.1784478976067578,1.0,1.0,44.32676330561854,0,0.43193032171655305
user_02300,25.715636221915165,1.4419432983082252,4.0,498.1625758654468,0.8119345008641827,0.0,1.0,26.157872486469664,0,0.1559620293129598
user_02301,24.99142536785635,1.2598990007875515,3.0,219.42775549621024,0.4797968782514054,2.0,0.0,,1,0.3894293380771087
user_02302,6.073728045412764,1.7896625146013785,1.0,636.1189963097414,0.3238312537009823,0.0,0.0,,1,0.6219885367208858
user_02303,22.160184746442898,1.148958487505587,2.0,186.8229332118293,0.4881079996320318,1.0,1.0,36.75278108310877,0,0.1650636923511471
user_02304,20.095962234827276,1.9284020419631698,2.0,213.54493756854563,0.6926397336447792,1.0,0.0,33.292657478450224,0,0.1158336739644739
user_02305,16.075883702564887,2.158602174297809,5.0,1047.937785814159,0.22931212157725245,0.0,1.0,,1,0.5167154125499034
user_02306,22.571822587519836,1.0,2.0,399.6182417483063,0.6640335451252992,2.0,0.0,30.09599792504764,0,0.34393990694816756
user_02307,22.48867474738216,2.788041352523926,1.0,620.0793254055193,0.584881824247642,1.0,0.0,,1,0.542318049551563
user_02308,76.4223878975229,2.2601999326728,2.0,374.0848235250347,0.7585968249338632,1.0,,236.50910488548843,0,0.3180617510465879
user_02309,43.334162062947,2.9167420612510053,3.0,388.193918682344,0.3427686363476796,0.0,1.0,79.09615369390055,0,0.5117261996281199
user_02310,15.334870039329077,1.0,1.0,336.46065922694606,0.39692887753718864,1.0,0.0,,1,0.5308488531786749
user_02311,11.547957347083392,1.0,3.0,406.9266132847351,0.21630063615665418,1.0,,,1,0.650392959104225
user_02312,6.533824750273082,1.0,1.0,376.71091821216254,0.3875244300393679,0.0,1.0,,1,0.8228167731889134
user_02313,11.229433932580681,3.275342319425304,2.0,1076.6999196975687,0.2583798316878797,0.0,0.0,,1,0.7052462072693797
user_02314,46.82448754673353,,0.0,602.9739303816394,0.36315840686083206,2.0,0.0,45.031417395763654,0,0.5974454941554865
user_02315,556.4156159687465,1.0,0.0,235.18136841164596,0.29466630820752737,0.0,1.0,,1,0.5642818552774024
user_02316,32.49152945206268,2.3852277831108606,0.0,386.0845859281801,0.7395808549286775,2.0,1.0,42.625051051759996,0,0.10069597001135012
user_02317,34.21976033262674,2.4686612668620977,2.0,203.62299768946917,0.6744727281457784,1.0,0.0,25.190708827461368,0,0.10975333714982778
user_02318,18.31947068277667,3.388454764866862,3.0,152.00937233879546,0.8031130762439348,1.0,1.0,27.987143227549286,0,0.13896531282322916
user_02319,11.429275850446848,3.3972277325378197,0.0,583.2264922371355,0.35224362353028243,1.0,0.0,139.30416644063743,0,0.3923580875824379
user_02320,54.07533971509837,1.0844888372539825,0.0,439.8451782229514,0.09427799337607927,0.0,0.0,346.9338937238159,0,0.6901508186835208
user_02321,7.957614571423674,1.363365009243255,1.0,539.3705807859458,0.3744007866622044,0.0,0.0,,1,0.5759987936994228
user_02322,15.11127157330054,1.8749351560743048,1.0,272.02164354019754,0.7839637427379098,2.0,0.0,33.44635714838394,0,0.09029110477757991
user_02323,44.15086397934695,2.3991002132254455,3.0,391.4655863610287,0.5556489174407335,0.0,1.0,77.48729678938606,0,0.1968764592294776
user_02324,20.700840567079357,1.0,0.0,758.2066693795015,0.06525810734073928,1.0,1.0,,1,0.7836208191356335
user_02325,64.21464566319553,1.1113547709536535,2.0,209.22172574205518,0.5230256149917702,1.0,0.0,,1,0.3113420056658747
user_02326,8.71322933870948,1.4777869309186853,2.0,483.74373734584134,0.5697056734905658,0.0,0.0,154.834052984887,0,0.4441625731502564
user_02327,,,2.0,431.8307031544577,0.6662696112354335,0.0,1.0,50.08168132782019,0,0.16744727323370234
user_02328,31.721173672288437,4.167166434558471,0.0,355.5480846441665,0.7220864431310805,1.0,1.0,59.18823441435637,0,0.14974608055846853
user_02329,31.187679888930628,1.0229941751894822,2.0,469.8664788375009,0.4369403824012849,1.0,1.0,,1,0.4649509905990458
user_02330,20.61116422200643,2.383901347195717,2.0,424.03433954206093,,2.0,0.0,75.45609686587508,0,0.3104503465049866
user_02331,16.503703233638557,1.2666378280072046,2.0,872.0684222210638,0.336555028187253,0.0,0.0,,1,0.6739886712399994
user_02332,17.10113307175792,,0.0,546.9928140664244,0.4677132038292887,1.0,0.0,,1,0.5133064085804195
user_02333,22.963904984115093,7.29291614443675,2.0,454.133956457817,0.45932366283700504,1.0,1.0,,1,0.2719917906160249
user_02334,15.046785913400678,1.0,2.0,410.99378446868513,,4.0,0.0,29.845792302229803,0,0.20895793669467136
user_02335,16.362505701331308,,2.0,848.9219295507157,0.30399176289474,0.0,0.0,56.82992191619504,0,0.41685691369056305
user_02336,37.131089247415616,2.4983234418667593,1.0,320.10574266740093,0.6370533454370308,1.0,0.0,38.68220175090805,0,0.21328976508844616
user_02337,86.00287839921747,1.0,4.0,363.8153676510152,0.3968702159308439,1.0,1.0,,1,0.42932811391072306
user_02338,17.656709363123912,,2.0,980.2808101730604,0.34858163464232556,1.0,1.0,,1,0.6630275457379158
user_02339,22.631536546080177,61.32016483381077,3.0,411.95248626020657,0.48407058965899835,1.0,1.0,,1,0.4861515980430904
user_02340,22.536712042524915,1.0,1.0,,0.6236745497603948,0.0,0.0,92.50716685083867,0,0.4039508683137876
user_02341,30.6198970982453,2.273106480964335,1.0,279.8502635545846,0.5688297516243728,1.0,0.0,357.8162394073028,0,0.3807229048944334
user_02342,3.4103421037068387,1.0,1.0,582.8673551859602,0.1096036680830424,0.0,,,1,0.8411541699549077
user_02343,27.96234018262399,2.4099879522080165,3.0,276.01806302393044,0.5314608903440026,2.0,1.0,24.690017815135356,0,0.12439794508001456
user_02344,18.257223389007898,1.0,2.0,458.8001455480056,0.6517643066708694,0.0,0.0,,1,0.5161781975137126
user_02345,40.78558581277499,3.0062636847947326,1.0,388.7182983331103,0.39542863786925375,0.0,0.0,,1,0.5419788050085782
user_02346,37.10100872926124,1.0,2.0,597.1041244514585,0.6836025505720326,0.0,1.0,104.18360436421773,0,0.2897286305670067
user_02347,13.31157731248819,1.0451264261571915,1.0,351.76861869667357,0.39605944393398224,0.0,1.0,132.71472179931914,0,0.5495725752518221
user_02348,18.71823383411979,1.0,2.0,637.2076702121184,0.34833781511813333,2.0,1.0,,1,0.5395140495417272
user_02349,,1.359328005683434,2.0,,0.6696557177287173,0.0,0.0,137.98596507740922,0,0.37330353821228107
user_02350,56.682339140650186,4.318575309002407,2.0,568.4522181037006,0.6779307475504637,1.0,0.0,,1,0.24571690606483548
user_02351,7.938719688718974,1.0,0.0,306.25430317294575,0.3232685576945488,,0.0,,1,0.8910526048967908
user_02352,48.31493128906043,1.6879732618880425,3.0,148.58245388234593,0.6317588847316736,1.0,,40.64679654487434,0,0.19446185138350405
user_02353,10.61712355427307,2.4963477209553897,3.0,796.445635315991,0.3213277325881027,0.0,0.0,91.13492797647073,0,0.5231801049307636
user_02354,38.385946046599514,3.0130465334378487,8.0,257.5131968118033,0.7181928032857613,0.0,,87.95001194611473,0,0.2590411828771978
user_02355,15.488355348237741,2.0317409151593955,1.0,461.115498912169,0.5300234938634326,2.0,1.0,,1,0.3959357651551975
user_02356,26.071765595060477,1.8598903997497924,5.0,251.85296096163086,0.708207393840488,1.0,1.0,37.80876369413887,0,0.2421101566125894
user_02357,24.53612617560871,,2.0,389.0847355226075,0.5602895167111077,2.0,1.0,43.989197335126065,0,0.3476529670002617
user_02358,51.844889991777656,5.74252815351648,2.0,149.18258331119023,0.6756868084089034,1.0,1.0,20.912848086023093,0,0.14193467354172198
user_02359,21.42302956033987,1.0587874972311624,0.0,540.7564384291504,,1.0,1.0,,1,0.6850475422032926
user_02360,14.2581273316623,1.0,0.0,370.63276168805197,0.2003089527340876,0.0,0.0,,1,0.6725866578394781
user_02361,59.12923030563797,55.06373980688402,0.0,348.86408967843926,0.5546680245011759,0.0,1.0,55.98805098036114,0,0.22519441172696375
user_02362,8.087464993036706,2.0598661763187827,1.0,,0.23657587005178446,1.0,0.0,,1,0.6145425088691986
user_02363,20.310882944563268,,2.0,,0.20250752928515334,2.0,0.0,,1,0.41737826815460255
user_02364,13.152089903054971,1.0,0.0,,0.255830523140214,0.0,0.0,,1,0.6963869270913989
user_02365,8.84417294444133,2.3043833573915036,1.0,865.5270231403725,0.48542086281120694,0.0,1.0,189.43056117165915,0,0.768875941597201
user_02366,24.194592506269515,2.3672165392430005,3.0,492.49040662683836,0.6304621078467715,0.0,0.0,,1,0.44776598502226417
user_02367,20.360711962086473,86.89425873256722,1.0,357.4137363166638,0.5722210801418173,0.0,1.0,,1,0.5129737698439856
user_02368,11.884038013805265,1.5720737208778863,2.0,,0.623109649808117,1.0,0.0,125.84145121170666,0,0.44940272848560875
user_02369,10.4399157326479,5.844962377919938,2.0,256.58455177699886,0.8915768783493004,0.0,1.0,60.0552703941097,0,0.12107405691374071
user_02370,13.104441474982982,2.721628462758917,5.0,227.80406717307955,0.5697436436980751,0.0,1.0,15.836791898615745,0,0.21329687135414335
user_02371,59.68337814222311,6.490358551454607,5.0,,0.8490939151940741,1.0,1.0,78.39485354231077,0,0.16951755830264278
user_02372,9.334075532526432,1.0,1.0,473.3441473566952,0.13454166924000577,1.0,0.0,,1,0.811195777995546
user_02373,15.447683056490007,3.2719765445348714,2.0,9645.6565578964,0.14999935680602125,5.0,0.0,105.47042270027188,0,0.580546541278811
user_02374,19.81704040859169,1.3896747556595184,3.0,486.46479209293494,0.4707249138541828,0.0,0.0,62.91689451998015,0,0.47115913605711746
user_02375,16.37167919371882,7.269718870059866,2.0,422.119040313362,0.22897443684339652,1.0,0.0,,1,0.3766802402154625
user_02376,9.709428115333953,2.597168978440148,2.0,568.4052753334346,0.4983562421184173,0.0,1.0,,1,0.471739834592459
user_02377,35.508594773754915,1.8069708772379758,1.0,385.0954101303046,0.6387839299556114,2.0,1.0,82.25229588034591,0,0.27127111118868974
user_02378,30.80411844566681,5.640420381796638,,251.30768746305927,,0.0,1.0,47.55899437358325,0,0.2868218469373411
user_02379,6.773615049975235,,1.0,11042.7615856387,0.0359350210435403,0.0,0.0,,1,0.8413366138052684
user_02380,12.006271888063825,1.1657162002453612,0.0,445.66641577080367,0.5374931219457578,0.0,0.0,85.98995237836573,0,0.4410925557589589
user_02381,52.29318864571591,1.4906652206702495,2.0,360.38627922788476,0.4163573140677214,2.0,1.0,30.065414986869225,0,0.16803775802410764
user_02382,12.92625624113408,1.0959505053097027,0.0,313.89952099295033,0.410617271994311,1.0,1.0,59.06544383509352,0,0.28798256431796726
user_02383,13.971768060866294,1.0,2.0,557.6684610971066,0.7559144587271859,,0.0,,1,0.2798377056566437
user_02384,14.079986234907352,1.4157884055468153,1.0,582.5729845054404,0.13425483719363024,0.0,0.0,,1,0.6228771797387955
user_02385,14.157452979158005,1.487173465006777,2.0,320.1962651392372,0.36773893346944353,0.0,1.0,,1,0.3487435981180336
user_02386,33.452780710115725,1.4190026810230916,2.0,158.0247007558299,0.5201738802728889,0.0,1.0,43.598443008720736,0,0.12837429483284019
user_02387,34.457720949470236,2.7081656397560274,2.0,336.980747398831,0.39521807222082417,1.0,1.0,47.5048076873011,0,0.19253114577024888
user_02388,17.395030307985134,3.2136146972621122,3.0,545.0811113958913,0.35509039871457043,,1.0,,1,0.6136476255598158
user_02389,46.36501814641572,2.982419540771071,1.0,511.9644627354966,0.5445739059230447,1.0,1.0,73.51756139518322,0,0.26837911967874356
user_02390,14.96678532125804,1.0,2.0,586.6400677331321,0.7034737133441339,0.0,1.0,,1,0.40260868166081376
user_02391,12.80203134400927,1.6498534302929804,2.0,520.4073536845503,0.46575266088232115,1.0,0.0,47.723696453341724,0,0.5196876689428503
user_02392,15.805770187143882,2.269397607293914,3.0,325.3740035186662,,0.0,0.0,,1,0.6289964719178401
user_02393,29.348235480155694,2.677893251493479,3.0,327.4241179039961,0.6594215550197259,0.0,1.0,56.586275556727784,0,0.19558392172205613
user_02394,34.60928885456596,5.935551571133199,1.0,519.4655748310431,0.8580566468055432,3.0,1.0,27.707465870786628,0,0.14617290160149074
user_02395,23.383814466331575,1.973932420808863,4.0,679.6943132720112,0.6721366415033361,2.0,1.0,150.37308379273415,0,0.16753479132735058
user_02396,25.263113286288345,1.4433973906703865,5.0,784.5802978406815,0.3477097139481912,1.0,0.0,106.79224963569523,0,0.4516742564378697
user_02397,29.024822780653135,,3.0,421.20483372161254,0.6942741590940529,2.0,0.0,122.2300676655694,0,0.4424890432033377
user_02398,10.74977399469524,6.526599531498513,5.0,239.970590541499,0.584673461850073,,0.0,43.346494919903336,0,0.06858337230105833
user_02399,42.52053199609992,1.9274694301464408,3.0,186.02695837776048,0.7393222611056813,0.0,1.0,94.9553252920285,0,0.21228147213635018
user_02400,15.592983796617165,1.0,5.0,728.1375014642117,,0.0,,62.25724290611299,0,0.6213976837811257
user_02401,25.63964947801367,1.0103184526348135,1.0,510.04274562593497,0.6822723456414883,0.0,,69.5766046186194,0,0.25799502598573054
user_02402,681.6927353892398,1.2554873806512543,2.0,905.5040288787594,0.5706254034206112,0.0,0.0,,1,0.6468043680791582
user_02403,,1.47254558411487,3.0,628.6207782725411,0.5723659433136409,1.0,1.0,,1,0.426919441809524
user_02404,38.485546355051504,2.526152276766963,1.0,310.2237336687976,0.536756054343697,1.0,0.0,52.52022048592372,0,0.16833011251875443
user_02405,,1.21440387791714,3.0,349.4253525796967,0.46691529304854573,0.0,0.0,67.93445305342341,0,0.6112987508366079
user_02406,24.96930724807707,2.3386153058295736,1.0,407.60758996546343,0.5355003088982393,0.0,1.0,285.84324792496903,0,0.35127330106255317
user_02407,37.021882531935525,2.0164048794066813,0.0,421.5288091957688,0.32637441262844485,2.0,1.0,,1,0.2182662134880816
user_02408,21.233072093569604,1.0642571565595604,2.0,622.7291231288566,0.5887529281716342,0.0,0.0,,1,0.4784788847076966
user_02409,29.529203885768524,2.1575773385796095,0.0,906.4691587579237,0.6936398167346094,0.0,1.0,,1,0.3432523405844569
user_02410,21.378179107574297,1.0,1.0,529.6839183087986,0.22913376374399372,0.0,1.0,,1,0.5904485764068674
user_02411,21.421693434438247,1.3412917814265435,1.0,567.8789128710762,0.4790776976214805,0.0,0.0,,1,0.4515434484925787
user_02412,14.972625684613446,2.1297592035825734,3.0,204.97855947492198,0.677966998258853,1.0,0.0,67.57874055543331,0,0.23559514854533276
user_02413,5.014445388113298,1.0130428431552971,1.0,719.3053278058017,0.2193463757387447,0.0,0.0,,1,0.6803440657273198
user_02414,11.276876835127696,,2.0,372.9014094335834,0.4551908505526788,,0.0,69.68736333097017,0,0.5138875246112214
user_02415,16.873427249347884,3.437523672915645,2.0,305.9308100924163,,0.0,1.0,89.76043274552676,0,0.34803744490615335
user_02416,37.45390587513368,3.257525671995693,4.0,842.9221691898166,0.5911248499791916,1.0,1.0,51.96800622730133,0,0.12237456889225193
user_02417,37.256933202964646,3.7655820435797462,4.0,566.649120945561,0.3855120579475741,0.0,,,1,0.39757809728087895
user_02418,40.03952756875259,1.792241595428909,2.0,419.4779062341866,0.7172103124429641,0.0,1.0,44.5303502025958,0,0.35661730767597644
user_02419,19.72698766010195,3.559507568617612,2.0,1055.4790527344637,0.327638159042481,1.0,1.0,,1,0.5275126072396967
user_02420,27.26055095895317,4.669184175098119,2.0,192.113596839068,0.4878101504691627,0.0,1.0,,1,0.3149228604775482
user_02421,23.31567799717868,1.0,1.0,850.0113015137355,0.5869701609611477,1.0,0.0,,1,0.621625416794055
user_02422,37.66034095094713,100.13461251229897,1.0,691.0944368764823,0.49410880352572994,1.0,1.0,,1,0.39968243522116687
user_02423,26.029307923022095,5.077395410245926,1.0,305.0150254321794,0.6199331782087919,0.0,0.0,,1,0.20383010730189696
user_02424,16.519961752896908,1.0,7.0,596.0030585140149,0.46591782023110506,1.0,0.0,264.3996800852954,0,0.5539991513021879
user_02425,24.15223605407402,1.0,3.0,577.1302048072033,0.691447618790621,0.0,0.0,271.9764972799802,0,0.3733009040483128
user_02426,59.47152685112496,1.3610750112353547,3.0,1342.894458963767,0.7620567359209558,3.0,1.0,83.65148315674736,0,0.35244720949546565
user_02427,38.26649439138589,1.08696884999603,1.0,388.1846166212632,0.4685041448690063,1.0,1.0,47.396107182222494,0,0.39531852818595037
user_02428,7.516247607265267,1.0,0.0,485.43677804426386,0.26401743234380737,2.0,0.0,,1,0.7421413053976951
user_02429,16.2842627800724,1.7643818971289822,2.0,650.217575918312,0.38780559773225415,1.0,0.0,39.12526924811309,0,0.5689134222918839
user_02430,37.86637778681462,2.276775942435713,1.0,409.06301803254274,0.6729287174347144,1.0,1.0,26.225058863853405,0,0.22794104572858853
user_02431,28.18902333901766,1.6918703757621132,1.0,880.6425474429777,0.30094818558873326,0.0,1.0,43.318880491887036,0,0.31372234858828746
user_02432,62.54146600216303,2.2354075977309456,2.0,468.32440915231194,0.3985665648104646,0.0,0.0,25.613004662019588,0,0.2755511017134415
user_02433,75.30415407636387,,1.0,364.78220416141966,0.4726044047357878,0.0,1.0,71.56737682581924,0,0.30110352401563656
user_02434,11.523125313389423,1.0,2.0,382.2875298536175,0.39198163780659656,0.0,0.0,,1,0.548295078648382
user_02435,49.644720591450856,1.0,3.0,185.87848157342023,0.7581882500220174,0.0,1.0,60.039749990868756,0,0.1225770226889652
user_02436,36.88904823181866,1.4377831654537552,2.0,318.3339997329726,0.8515434111214993,0.0,1.0,,1,0.2597104236961842
user_02437,66.0599030826783,1.0946453407397838,2.0,543.4161972677896,,1.0,0.0,,1,0.3645407794580666
user_02438,32.58922866361812,1.1468715890232328,2.0,920.8135480267997,0.5928635245023492,2.0,0.0,203.11005098612026,0,0.5772870123719261
user_02439,25.626580510844185,1.0,1.0,295.9467535915384,0.4862903565146498,2.0,1.0,61.79756024991351,0,0.14897381349648184
user_02440,44.92108763805805,3.0327865461321197,0.0,365.85156750984885,0.5035521720980594,0.0,0.0,,1,0.35956233056834347
user_02441,,,0.0,544.2725628265409,0.827578447759944,3.0,1.0,61.080964438751835,0,0.16797940023666214
user_02442,24.324572219321624,,2.0,1136.8809683172037,,1.0,1.0,,1,0.440936725030594
user_02443,22.70499355476306,2.9331307790521035,2.0,448.15856542304067,0.6479340091049095,0.0,1.0,39.400431295102806,0,0.3400862444879733
user_02444,32.509278574803155,,2.0,,0.36604370864703384,0.0,0.0,297.13368316980535,0,0.4282938715532905
user_02445,23.65600272781744,1.6741670262655872,2.0,175.10388597680588,0.6374813397747187,0.0,1.0,,1,0.036768020741758334
user_02446,21.72295249628469,1.0,0.0,665.8677153293419,,0.0,0.0,65.49808671849414,0,0.6030334043543887
user_02447,,2.0104638161473942,,248.58290747846195,0.6533319542195891,1.0,1.0,47.30247275704209,0,0.10770626720816585
user_02448,40.10420012499623,72.68071494145737,,419.87495532876335,0.7593291109928423,1.0,1.0,42.08167230084844,0,0.1603631884153423
user_02449,48.32403778340227,1.393729731733327,1.0,320.53819197369677,0.40913675463572863,1.0,1.0,77.50257916951809,0,0.5698881691273183
user_02450,15.54833975569313,1.0,2.0,823.0135513470007,0.5441013174479947,0.0,0.0,,1,0.4956249876639012
user_02451,10.342694403303511,1.0,4.0,491.66625368988497,0.5202506017899755,,0.0,143.1608103041605,0,0.34563484254648175
user_02452,50.82768853292238,1.95594812097996,3.0,322.0114561290233,0.3874459029680773,0.0,1.0,31.740094988172412,0,0.22071745078222613
user_02453,26.21421225990061,,2.0,201.8373844343137,0.6018037187707722,,1.0,15.40010473255023,0,0.2401947118948285
user_02454,38.455155345019115,2.374562129262683,1.0,,0.3761768777847523,1.0,1.0,,1,0.5667703864732331
user_02455,17.521624015155272,2.289749734785434,2.0,269.97258908232027,0.37689951348067097,0.0,1.0,247.4448346244694,0,0.46338894418793625
user_02456,16.13399759709017,2.3622477263152892,2.0,713.6102628612807,0.4887764640153983,1.0,0.0,133.99211552972267,0,0.3132063066514006
user_02457,23.727599520643338,1.6288663724268548,5.0,222.7900914038549,0.6282406934903568,0.0,1.0,41.32942688132849,0,0.17040009792081845
user_02458,40.372235967334724,1.5244448090191498,2.0,201.7350040989947,,0.0,1.0,31.781756970659256,0,0.16143713487239247
user_02459,8.736307168921842,1.5506523191007147,3.0,793.2406089643745,0.16005000458969032,0.0,0.0,,1,0.6718740020908887
user_02460,19.88791968491269,1.6060769895241422,2.0,597.679791463678,0.5280220617190584,0.0,1.0,163.31698176393718,0,0.44125817615329616
user_02461,20.675326166155358,,2.0,414.38687228227354,0.6635483987724601,1.0,0.0,,1,0.2317588297158001
user_02462,42.54059558776753,2.9044968530737325,4.0,327.170586291725,0.5800662600343207,2.0,1.0,23.995459357159557,0,0.08831480192141476
user_02463,14.381406904203965,1.8100672259708748,1.0,216.92483670946743,0.22931370328361872,0.0,,,1,0.32057168529286484
user_02464,16.207985056297176,2.547578451932601,1.0,799.5184139105598,0.7465433499410863,1.0,0.0,56.891308057491486,0,0.16480655807781364
user_02465,,2.59879822786302,3.0,215.02313380778094,0.6686729909806797,1.0,0.0,34.781939295892975,0,0.3497030052352664
user_02466,23.539610117526177,,6.0,405.1720917367339,0.5719754987353235,1.0,1.0,45.27525186179861,0,0.10783998720448947
user_02467,12.907136641313949,2.5049875778759136,0.0,403.35074420207246,0.5298047812527653,0.0,1.0,,1,0.41996019012491426
user_02468,55.539929664600514,1.895502867026621,3.0,379.9433896250568,0.7454283294495438,1.0,1.0,40.77609373051249,0,0.13745937056201546
user_02469,30.357736633964677,3.037658708631618,2.0,455.5614010439485,0.588221092568318,3.0,1.0,53.477667408155796,0,0.23112218949175878
user_02470,10.315195867248365,1.0,2.0,479.51256081978266,0.25979042181145406,0.0,1.0,,1,0.6632150794962545
user_02471,93.26989095156085,1.9934588428298374,0.0,353.877558192592,0.7429483016014875,0.0,1.0,77.62214276891342,0,0.24485765598041237
user_02472,38.0412450182549,1.52000894185306,1.0,315.2685389489133,0.524511550896148,1.0,0.0,,1,0.2219620785744406
user_02473,12.396880274019654,1.0,1.0,558.4635010384891,0.33462042009989346,0.0,1.0,99.53760090502276,0,0.6092783592822624
user_02474,19.691796685592983,6.294009312212007,2.0,9655.493253270364,0.444046673101907,0.0,0.0,31.364071539772393,0,0.20335912134142026
user_02475,,9.55234897682423,3.0,,0.4794232581455539,0.0,1.0,82.07997562588018,0,0.3644393722629671
user_02476,,4.698754318442479,2.0,363.1068971623395,0.9360128918712384,0.0,1.0,39.028186459005816,0,0.08667378025288683
user_02477,18.154269863061625,1.1565372613556657,0.0,845.0366811534499,0.35570203059302924,0.0,1.0,63.61635903680976,0,0.5010704137241232
user_02478,21.395353573534525,89.46515092844515,0.0,422.04593761686397,0.45495599206232,1.0,0.0,51.15747586713293,0,0.578861290434298
user_02479,19.34609355558841,2.6835153798893425,2.0,655.3407118407333,0.7389244299922393,1.0,1.0,51.481886331422174,0,0.18374659884377054
user_02480,22.43453689768603,2.0238247328235546,3.0,502.93834910010514,0.67104700999773,0.0,0.0,54.56992507420895,0,0.28172742743206225
user_02481,20.34445913037944,1.3264263272887875,2.0,296.78258784090053,0.4069702440300822,,0.0,75.48177920727278,0,0.23553578759551266
user_02482,19.989554713255558,4.219721224830599,2.0,409.96964067696933,0.3185767951946794,6.0,1.0,,1,0.4672637433557494
user_02483,24.075076312792042,1.026836293211976,3.0,777.4622894963045,0.5927714515538561,0.0,1.0,,1,0.5465674437339312
user_02484,42.225397828724475,3.9272074937926815,3.0,337.33797405384183,,0.0,0.0,67.96865079609799,0,0.25419389428448064
user_02485,14.677417370362425,2.768977334033422,,633.8913176496346,0.327503778699408,0.0,1.0,,1,0.5699573173112651
user_02486,15.250643799934302,1.3764578927508804,3.0,441.61572873864895,0.528423253244684,,1.0,,1,0.38608653224297795
user_02487,23.933282529150333,1.0,0.0,596.9061810634945,0.3444440535708457,0.0,1.0,,1,0.4976290452588366
user_02488,17.1587088882995,3.302353723340067,1.0,395.68558945092406,0.6595249135550568,0.0,0.0,54.809645772377166,0,0.389913843713936
user_02489,51.955873333565,2.194331798489749,3.0,399.6416741205832,0.5289470043714726,0.0,1.0,59.97524969122218,0,0.32017006300223455
user_02490,14.116888059954334,1.0,1.0,1964.1305569408148,0.5682842401382648,0.0,0.0,126.05166419127482,0,0.6306937848261382
user_02491,23.309857647807103,1.5878404780190314,2.0,408.7488658143907,,2.0,1.0,178.20939519960828,0,0.4826455190311515
user_02492,28.447580013634234,1.9275631590179088,8.0,339.0844832109341,0.7624325457862119,0.0,,,1,0.2520725493465801
user_02493,11.093232491465399,4.051440850172293,2.0,636.8121466593069,0.19421436788977806,0.0,0.0,,1,0.5267555617983196
user_02494,14.31975213286499,1.0,0.0,775.9193443011235,0.37404551421031573,1.0,0.0,,1,0.8315025840094811
user_02495,35.95945663280055,1.77346014024302,1.0,373.9842151199238,0.7251888579705137,0.0,0.0,,1,0.1342489237659638
user_02496,10.372651608929187,1.0,1.0,545.7591377906798,0.41052369738686223,2.0,1.0,,1,0.509050294831927
user_02497,37.67389898617253,2.8493625356314185,2.0,409.75708956142233,0.5440209864130486,1.0,1.0,27.441406855683567,0,0.13500322394957195
user_02498,30.856159241264912,1.0004339881532376,4.0,403.95297114153914,0.5635968923665915,1.0,,97.02993226574286,0,0.45763467617741704
user_02499,16.594200197221156,1.0,2.0,618.3509140523837,0.07487632855191922,0.0,1.0,,1,0.7799107146736035
user_01447,15.262682637147092,1.0,5.0,627.8148234060153,0.46395253009861237,0.0,1.0,212.75740218612657,0,0.5227401511701952
user_01114,35.89562100218637,3.5598184365060948,1.0,503.1957596979944,0.43136082575882934,1.0,0.0,,1,0.5469429140266544
user_01064,12.3118646092893,1.0,0.0,482.51016198114394,0.21209105983381696,0.0,1.0,,1,0.46181606534464453
user_02287,15.83114105452282,1.518812196159094,1.0,444.14686118012526,0.18196810562929636,3.0,1.0,,1,0.5495524788074212
user_01537,27.44275497442338,1.0,1.0,801.1358395260762,0.33384554617691203,0.0,0.0,171.72491106841704,0,0.7679088296321346
user_00668,31.2112626280538,1.3515698561388503,2.0,153.13823997754645,0.6351468263864738,0.0,1.0,75.12202628501399,0,0.3755146990050903
user_01583,37.0536195896757,1.0,2.0,349.8327026539769,0.7177487732202287,1.0,,36.753393437170175,0,0.13807483701202017
user_02404,38.485546355051504,2.526152276766963,1.0,310.2237336687976,0.536756054343697,1.0,0.0,52.52022048592372,0,0.16833011251875443
user_00497,16.836837306069,2.3199481324217555,0.0,365.670305863774,0.4630213092579697,0.0,0.0,379.478015547196,0,0.4635259416011359
user_02480,22.43453689768603,2.0238247328235546,3.0,502.93834910010514,0.67104700999773,0.0,0.0,54.56992507420895,0,0.28172742743206225
user_00471,14.062823566732845,1.4498483746488116,0.0,1279.4851243390765,0.49393140402253466,1.0,0.0,100.31526001212285,0,0.4258093470037562
user_00246,,1.2471551496694513,0.0,803.8393466451902,0.2349890862418916,0.0,0.0,189.70913533962826,0,0.5742792614646975
user_00923,16.97108762991601,2.329067081644548,2.0,11531.11132735732,0.33173217260870463,1.0,0.0,62.717949824103606,0,0.5098402849959326
user_01131,30.23585409813683,1.3968319683329808,2.0,,0.4243292903117491,0.0,1.0,85.4250460859692,0,0.3366709898320142
user_00670,38.392184940634834,1.35565599514166,1.0,409.4147356212293,,0.0,1.0,,1,0.41548882240998464
user_00916,23.29807441686432,4.456521549478981,3.0,179.24265766560958,0.8189004347890743,1.0,0.0,121.43168501570136,0,0.1864743464347163
user_01414,18.528869146773395,,1.0,430.4928119741131,0.22814877567427863,0.0,0.0,,1,0.7138286961737331
user_01606,28.864419340862188,11.647140928830812,3.0,120.9911575069745,0.7392291089998917,1.0,1.0,22.7233650538841,0,0.1636764123320132
user_00402,29.31764280546898,5.207277444544626,2.0,312.8911299051385,0.5061762600076163,0.0,0.0,30.521479439468592,0,0.15364842354186634
user_01103,8.202686646454566,1.0,,614.3666171684704,0.19052280763424953,0.0,,,1,0.8734054559394118
user_02072,9.125723886684312,1.6048134555731508,3.0,662.5889636608066,0.3685849556872403,3.0,1.0,,1,0.4789064041341802
user_00719,17.260603572565337,2.8600222379148046,0.0,699.2466629729314,0.7546355107843904,0.0,0.0,159.04985100061245,0,0.45599256241026204
user_02011,25.89306546120102,1.5071671798864896,3.0,665.9579793414101,0.22488995514836996,0.0,,,1,0.7150965122870234
user_02436,36.88904823181866,1.4377831654537552,2.0,318.3339997329726,0.8515434111214993,0.0,1.0,,1,0.2597104236961842
user_00196,8.627170173097754,1.6648770013074317,,287.4924545413682,0.11905392781182976,2.0,1.0,,1,0.7852027854841795
